tagname	cur_value	time	gw
A0100-AI-472	14491.9394456936	2026-01-13 01:07:00.213	1
A0330-PI-2211	37494.8027771149	2026-01-13 01:07:00.213	1
A0330-PI-8510	99783.4655131058	2026-01-13 01:07:00.213	1
A0330-PI-8610	92433.7510810557	2026-01-13 01:07:00.213	1
A0330-PI-8910	25304.8825640058	2026-01-13 01:07:00.213	1
A0402-PI-5813	63543.7655507448	2026-01-13 01:07:00.213	1
A0402-PI-5819	65713.2975545024	2026-01-13 01:07:00.213	1
A0402-PI-5922	1315.09063620047	2026-01-13 01:07:00.213	1
A0402-PI-5928	44932.6842812923	2026-01-13 01:07:00.213	1
A0402-PI-6808	13036.458683237	2026-01-13 01:07:00.213	1
A0402-PI-6815	19120.1701791683	2026-01-13 01:07:00.213	1
A0402-PI-7302	95596.6449912939	2026-01-13 01:07:00.213	1
A0402-PI-7310	69982.6469705264	2026-01-13 01:07:00.213	1
A0403-PI-1208	13533.3659612651	2026-01-13 01:07:00.213	1
A0440-PI-1917	23407.0036853598	2026-01-13 01:07:00.213	1
A0440-PI-1918	46390.4080610078	2026-01-13 01:07:00.213	1
A0440-PI-2508	69319.4902980148	2026-01-13 01:07:00.213	1
A0440-PI-2609	90111.5217125642	2026-01-13 01:07:00.213	1
A0440-PI-2810	32926.9456432495	2026-01-13 01:07:00.213	1
A0465-PI-0710	81153.1494161311	2026-01-13 01:07:00.213	1
A0465-PI-0810	42569.691330398	2026-01-13 01:07:00.213	1
A0505-PI-0616	61718.1293690444	2026-01-13 01:07:00.213	1
A0505-PI-0617	68241.6930235213	2026-01-13 01:07:00.213	1
A0631-PI-1110	93000.0203820656	2026-01-13 01:07:00.213	1
A0633-PI-0319	13575.0516137365	2026-01-13 01:07:00.213	1
A0633-PI-0402	10316.296336349	2026-01-13 01:07:00.213	1
A0633-PI-0409	26011.6983963298	2026-01-13 01:07:00.213	1
A0636-PR-0708	14961.1225599086	2026-01-13 01:07:00.213	1
A0660-PR-031	87078.6681179516	2026-01-13 01:07:00.213	1
A0660-PR-032	51623.6999650503	2026-01-13 01:07:00.213	1
A0673-PI-2108	45599.7257339456	2026-01-13 01:07:00.213	1
A0692-PI-0102	1281.59158925584	2026-01-13 01:07:00.213	1
A0692-PI-0107	87635.5480812726	2026-01-13 01:07:00.213	1
A0692-PI-0208	6132.37221462591	2026-01-13 01:07:00.213	1
A0692-PI-0308	1697.66579159011	2026-01-13 01:07:00.213	1
A0697-PI-0208	80274.792464412	2026-01-13 01:07:00.213	1
A0697-PI-0308	41395.5117157021	2026-01-13 01:07:00.213	1
A0697-PI-304	7247.62867999851	2026-01-13 01:07:00.213	1
A0697-PI-313A	5352.2321800905	2026-01-13 01:07:00.213	1
A0697-PI-313B	80305.6479025091	2026-01-13 01:07:00.213	1
A1020-PR-007	42144.5772674528	2026-01-13 01:07:00.213	1
A140-PI-1380	35549.6402739882	2026-01-13 01:07:00.213	1
A140-TI-1380	93611.5757299013	2026-01-13 01:07:00.213	1
A150-FQI-CRNT	73967.8847054792	2026-01-13 01:07:00.213	1
A150-PI-1380	27909.7463741992	2026-01-13 01:07:00.213	1
A150-TI-1380	33462.3785279872	2026-01-13 01:07:00.213	1
A192-FQI-CRNT	15566.425489301	2026-01-13 01:07:00.213	1
A192-PT-9361	26064.6672081969	2026-01-13 01:07:00.213	1
A192-PT-9361BEN	98260.8787411252	2026-01-13 01:07:00.213	1
A192-TT-9360BEN	13472.425829054	2026-01-13 01:07:00.213	1
A200-PR-007B	18452.5432332754	2026-01-13 01:07:00.213	1
A200-PT-006	79688.0521295562	2026-01-13 01:07:00.213	1
A200-PT-007	87712.5074597592	2026-01-13 01:07:00.213	1
A2002-AC-0110	72950.6032473238	2026-01-13 01:07:00.213	1
A202-PR-4120	41497.7738740278	2026-01-13 01:07:00.213	1
A270-FI-3811	96354.8142197175	2026-01-13 01:07:00.213	1
A270-FWA-CO2	31001.8826854347	2026-01-13 01:07:00.213	1
A270-FWA-SAT	87447.3319663214	2026-01-13 01:07:00.213	1
A270-PT-3820	61670.6661153549	2026-01-13 01:07:00.213	1
A270-TT-3820	7652.82752002925	2026-01-13 01:07:00.213	1
A270-XI-3812B	38901.3406485332	2026-01-13 01:07:00.213	1
A300-GC-H2O	83756.1763038703	2026-01-13 01:07:00.213	1
A300-PR-001B	18005.0659086854	2026-01-13 01:07:00.213	1
A3000-GC-H2O	39327.4225033555	2026-01-13 01:07:00.213	1
A3000-PI-169	35054.4631815843	2026-01-13 01:07:00.213	1
A3000-PI-215	85719.0536949413	2026-01-13 01:07:00.213	1
A3000-PIC-105	53181.4139848933	2026-01-13 01:07:00.213	1
A310-FQI-001	76236.8696969084	2026-01-13 01:07:00.213	1
A310-PI-003	26863.2127806808	2026-01-13 01:07:00.213	1
A310-PI-004	78207.1173791326	2026-01-13 01:07:00.213	1
A330-FQR-066	36261.9713142929	2026-01-13 01:07:00.213	1
A330-FR-021	5638.80597947854	2026-01-13 01:07:00.213	1
A330-FR-023	16847.0246913461	2026-01-13 01:07:00.213	1
A330-FR-028	89375.059470553	2026-01-13 01:07:00.213	1
A330-FR-030	21350.8005403709	2026-01-13 01:07:00.213	1
A330-FR-053	913.426749624464	2026-01-13 01:07:00.213	1
A330-FR-201	71208.8637037984	2026-01-13 01:07:00.213	1
A330-FR-202	92631.8553648359	2026-01-13 01:07:00.213	1
A330-H2O-001	96922.8158312833	2026-01-13 01:07:00.213	1
A330-PR-007	5564.75017841973	2026-01-13 01:07:00.213	1
A330-PR-009	60470.2778713728	2026-01-13 01:07:00.213	1
A330-PR-013	23808.2633336562	2026-01-13 01:07:00.213	1
A330-PR-018	44625.2659533408	2026-01-13 01:07:00.213	1
A3305-PR-6305	85955.8122841117	2026-01-13 01:07:00.213	1
A340-AT-001	41933.2235702988	2026-01-13 01:07:00.213	2
A340-PI-007	30291.7960747304	2026-01-13 01:07:00.213	1
A400-PI-004A	63284.5930666893	2026-01-13 01:07:00.213	1
A400-PI-004B	40761.6144413234	2026-01-13 01:07:00.213	1
A4000-BTU-001	69316.0506261602	2026-01-13 01:07:00.213	1
A4000-CR-FWA1	20536.0089501325	2026-01-13 01:07:00.213	1
A4000-CR-FWA2	15460.7285934983	2026-01-13 01:07:00.213	1
A4000-CR-FWA3	85954.9085252919	2026-01-13 01:07:00.213	1
A4000-CR-FWA4	29842.3836087091	2026-01-13 01:07:00.213	1
A4000-FR-CRNT	74369.91232625	2026-01-13 01:07:00.213	1
A4000-GC-C1	73869.0677430603	2026-01-13 01:07:00.213	1
A4000-GC-C2	54948.9029952644	2026-01-13 01:07:00.213	1
A4000-GC-C3	12258.6382648038	2026-01-13 01:07:00.213	1
A4000-GC-C6	45632.1939625235	2026-01-13 01:07:00.213	1
A4000-GC-CO2	92871.8792667728	2026-01-13 01:07:00.213	1
A4000-GC-DHV	956.279506565797	2026-01-13 01:07:00.213	1
A4000-GC-HV1	962.866484165709	2026-01-13 01:07:00.213	1
A4000-GC-IC4	9222.27840006976	2026-01-13 01:07:00.213	1
A4000-GC-IC5	17410.3849609469	2026-01-13 01:07:00.213	1
A4000-GC-N2	62568.1639708201	2026-01-13 01:07:00.213	1
A4000-GC-NC4	61083.3725973939	2026-01-13 01:07:00.213	1
A4000-GC-NC5	72111.9846576554	2026-01-13 01:07:00.213	1
A4000-GC-SGR1	35011.0659960913	2026-01-13 01:07:00.213	1
A4000-GC-WB1	58625.5398825059	2026-01-13 01:07:00.213	1
A4000-PI-4101	79220.0142010336	2026-01-13 01:07:00.213	1
A4000-PI-4401	81137.760801635	2026-01-13 01:07:00.213	1
A4000-PR-001	50055.5676366991	2026-01-13 01:07:00.213	1
A4000-PR-002	68123.9824239906	2026-01-13 01:07:00.213	1
A4000-PT-3100	32462.0670330447	2026-01-13 01:07:00.213	1
A4000-PT-3601	6943.3452686287	2026-01-13 01:07:00.213	1
A4000-TI-4401	9299.43349987749	2026-01-13 01:07:00.213	1
A4000-TT-3601	83040.1912965566	2026-01-13 01:07:00.213	2
A400F060C	80850.8234839125	2026-01-13 01:07:00.213	1
A400F1-6C	78651.4534531289	2026-01-13 01:07:00.213	1
A400PI001	20109.3434800404	2026-01-13 01:07:00.213	1
A400PI063A	99792.6194175811	2026-01-13 01:07:00.213	1
A400PIC012	41785.7949553131	2026-01-13 01:07:00.213	1
A400RUN123C	40911.1031803248	2026-01-13 01:07:00.213	1
A400TI060A	19774.576733901	2026-01-13 01:07:00.213	1
A400TI060B	72758.7620212208	2026-01-13 01:07:00.213	1
A400TI060C	52290.3207270491	2026-01-13 01:07:00.213	1
A401-FR-001	44589.1547127581	2026-01-13 01:07:00.213	1
A401-PR-005	10649.0771280354	2026-01-13 01:07:00.213	1
A4012-FR-001IMP	26200.9646476847	2026-01-13 01:07:00.213	1
A4012-PR-002	42532.684109658	2026-01-13 01:07:00.213	1
A4012-PR-003	44381.4849031494	2026-01-13 01:07:00.213	1
A402-PR-064	114.241969579674	2026-01-13 01:07:00.213	1
A402-PR-070	58240.1309052871	2026-01-13 01:07:00.213	1
A402-PT-004	10608.7959647188	2026-01-13 01:07:00.213	1
A402-PT-025	89768.4835183556	2026-01-13 01:07:00.213	1
A402-PT-026	60533.0557682575	2026-01-13 01:07:00.213	1
A403-PR-001	53304.3285635839	2026-01-13 01:07:00.213	1
A403-PR-003A	680.746701235038	2026-01-13 01:07:00.213	1
A403-PR-003B	52265.6052415564	2026-01-13 01:07:00.213	1
A403-PR-011	83947.7008388807	2026-01-13 01:07:00.213	1
A403-PR-014	52383.1731626916	2026-01-13 01:07:00.213	1
A403-PR-018	22428.0337673017	2026-01-13 01:07:00.213	1
A4100-FQI-012	70769.7548295953	2026-01-13 01:07:00.213	1
A4100-HV-003	961.040530170422	2026-01-13 01:07:00.213	2
A4101-PI-0809	19166.046178664	2026-01-13 01:07:00.213	1
A4101-PI-0912	96517.8944456058	2026-01-13 01:07:00.213	1
A4101-PI-0915A	15910.1215499997	2026-01-13 01:07:00.213	1
A4103-PI-0323	68752.0303023362	2026-01-13 01:07:00.213	1
A4103-PI-0325	1568.9473690382	2026-01-13 01:07:00.213	1
A4103-PI-0423	67546.45352484	2026-01-13 01:07:00.213	1
A430-PT-001	49232.9245864097	2026-01-13 01:07:00.213	1
A430-PT-002	72962.2354403145	2026-01-13 01:07:00.213	1
A440-FR-001	73367.8875740652	2026-01-13 01:07:00.213	1
A440-FR-005	72345.815983827	2026-01-13 01:07:00.213	1
A440-FR-006	26440.6817945215	2026-01-13 01:07:00.213	1
A440-PI-048	16976.4525220482	2026-01-13 01:07:00.213	1
A440-PR-007	69366.9725487481	2026-01-13 01:07:00.213	1
A440-PR-009	5030.47312155927	2026-01-13 01:07:00.213	1
A440-PR-011	59561.9501239972	2026-01-13 01:07:00.213	1
A440-PR-016	24971.2086827185	2026-01-13 01:07:00.213	1
A440-PR-045	89271.6533375786	2026-01-13 01:07:00.213	1
A445-PR-001	59883.7980741187	2026-01-13 01:07:00.213	1
A445-PR-002	76332.5121072083	2026-01-13 01:07:00.213	1
A4450-TI-745A	71651.7636569076	2026-01-13 01:07:00.213	1
A4450-TI-745B	50417.7842853503	2026-01-13 01:07:00.213	1
A4457-PR-001	32823.2717727687	2026-01-13 01:07:00.213	1
A4457-PR-002	62943.3583020894	2026-01-13 01:07:00.213	1
A4457-PR-003	78296.7962814906	2026-01-13 01:07:00.213	1
A4457-PR-004	66463.35096996	2026-01-13 01:07:00.213	1
A4458-CALF-WI	77613.566326778	2026-01-13 01:07:00.213	1
A4458-FI-201	47445.6519784643	2026-01-13 01:07:00.213	1
A4458-FI-501	29723.9002603964	2026-01-13 01:07:00.213	1
A4458-FLOW-TT	80597.1721126484	2026-01-13 01:07:00.213	1
A4458-GHS-701E	90625.668476494	2026-01-13 01:07:00.213	1
A4458-GHS-701M	10011.352763874	2026-01-13 01:07:00.213	1
A4458-GHS-701W	84078.6448742806	2026-01-13 01:07:00.213	1
A4458-PI-001	35064.744583467	2026-01-13 01:07:00.213	1
A4458-PI-007	12879.3687106172	2026-01-13 01:07:00.213	1
A4458-PI-702	32269.9286367132	2026-01-13 01:07:00.213	1
A4458-WI-701E	52283.488319195	2026-01-13 01:07:00.213	1
A4458-WI-701M	91623.0074696434	2026-01-13 01:07:00.213	1
A4458-WI-701W	61211.0496559972	2026-01-13 01:07:00.213	1
A4470-PI-406	92724.7449133629	2026-01-13 01:07:00.213	1
A4471-PI-0208	90848.7707212361	2026-01-13 01:07:00.213	1
A4472-PI-0114	71989.3656922186	2026-01-13 01:07:00.213	1
A4472-PI-0208	96130.0734305217	2026-01-13 01:07:00.213	1
A4473-PI-0109	23464.7358169295	2026-01-13 01:07:00.213	1
A465-FR-001	27351.4073367012	2026-01-13 01:07:00.213	1
A465-PR-003	30076.8896186815	2026-01-13 01:07:00.213	1
A465-PR-004	90039.2393778646	2026-01-13 01:07:00.213	1
A4901-PI-0112	1345.55386972587	2026-01-13 01:07:00.213	1
A4904-PI-0110	38943.7611480656	2026-01-13 01:07:00.213	1
A4904-PI-0208	40170.520290144	2026-01-13 01:07:00.213	1
A4904-PI-0308	45674.8536156225	2026-01-13 01:07:00.213	1
A4904-PI-0408	52705.3030676528	2026-01-13 01:07:00.213	1
A4904-PI-0508	91876.8431758889	2026-01-13 01:07:00.213	1
A4909-PI-0113	29547.9819415705	2026-01-13 01:07:00.213	1
A4911-PT-0109	94283.1674863483	2026-01-13 01:07:00.213	1
A4913-PI-0116	88357.0366953008	2026-01-13 01:07:00.213	1
A500-FR-BV10	54485.2171414222	2026-01-13 01:07:00.213	1
A500-FR-LKB	78009.8396874786	2026-01-13 01:07:00.213	1
A505-PR-004	72577.9028585221	2026-01-13 01:07:00.213	1
A5100-C1-2830	82214.6442410548	2026-01-13 01:07:00.213	1
A5100-C2-2830	6292.11675745754	2026-01-13 01:07:00.213	1
A5100-C3-2830	16611.8387291615	2026-01-13 01:07:00.213	1
A5100-CO2-2830	80759.5940266198	2026-01-13 01:07:00.213	1
A5100-CO2I1680A	61768.2388472281	2026-01-13 01:07:00.213	1
A5100-FI-1680A	4928.76673643839	2026-01-13 01:07:00.213	1
A5100-FI-1681A	24683.549471049	2026-01-13 01:07:00.213	1
A5100-FI-1682A	64819.5456442948	2026-01-13 01:07:00.213	1
A5100-FI-2830	84502.9163256652	2026-01-13 01:07:00.213	1
A5100-FI-2840	77938.3547044382	2026-01-13 01:07:00.213	1
A5100-FI-2850	40338.3354644942	2026-01-13 01:07:00.213	1
A5100-FI-2860	48530.5011235553	2026-01-13 01:07:00.213	1
A5100-FI-2870	74753.1880880258	2026-01-13 01:07:00.213	1
A5100-GHV-001	967.794312705076	2026-01-13 01:07:00.213	1
A5100-GHV-1680A	966.01562991619	2026-01-13 01:07:00.213	1
A5100-GHV-1681A	958.219999969536	2026-01-13 01:07:00.213	1
A5100-GHV-1682A	966.28975262562	2026-01-13 01:07:00.213	1
A5100-GHVs-2830	960.913626495192	2026-01-13 01:07:00.213	1
A5100-IC4-2830	22884.1944158162	2026-01-13 01:07:00.213	1
A5100-IC5-2830	10371.8038653157	2026-01-13 01:07:00.213	1
A5100-N2-2830	56318.2293386655	2026-01-13 01:07:00.213	1
A5100-NC4-2830	44193.2390226118	2026-01-13 01:07:00.213	1
A5100-NC5-2830	66358.4777863938	2026-01-13 01:07:00.213	1
A5100-NC6-2830	86962.2668152275	2026-01-13 01:07:00.213	1
A5100-PI-1663	15047.4029635506	2026-01-13 01:07:00.213	1
A5100-PI-2912	35344.9548538795	2026-01-13 01:07:00.213	1
A5100-SG-2830	85971.8814286944	2026-01-13 01:07:00.213	1
A5100-TI-1660	69008.488428028	2026-01-13 01:07:00.213	1
A5100FY120A562	53349.0408172479	2026-01-13 01:07:00.213	1
A5500-FT-750	46182.4217518077	2026-01-13 01:07:00.213	1
A5500-FT-760	67977.7296584308	2026-01-13 01:07:00.213	1
A5500-FT-850	27751.7926043582	2026-01-13 01:07:00.213	1
A5500-FT-860	70537.4126310147	2026-01-13 01:07:00.213	1
A5500-FT-950	97176.3432520923	2026-01-13 01:07:00.213	1
A5500-FT-960	99360.2121328958	2026-01-13 01:07:00.213	1
A5550-AI-020A	36638.6236032192	2026-01-13 01:07:00.213	1
A5550-AI-022CO2	36617.8696166462	2026-01-13 01:07:00.213	1
A5550-AI-502	85187.3268016861	2026-01-13 01:07:00.213	1
A5550-PI-001	13272.1327222642	2026-01-13 01:07:00.213	1
A5560-PI-001	64812.5771708765	2026-01-13 01:07:00.213	1
A5560-PI-008	50885.9949647461	2026-01-13 01:07:00.213	1
A5600-PI-006	83449.6583754083	2026-01-13 01:07:00.213	1
A5600-PI-008	76344.6756801697	2026-01-13 01:07:00.213	1
A5602-PI-0110	33191.9435459422	2026-01-13 01:07:00.213	1
A5602-PI-0208	9887.25088693317	2026-01-13 01:07:00.213	1
A5611-PI-0310	9888.70808874998	2026-01-13 01:07:00.213	1
A5611-PR-006	68999.3281690104	2026-01-13 01:07:00.213	1
A5614-PI-0219	28964.1722471481	2026-01-13 01:07:00.213	1
A5614-PI-0226	13178.6124812649	2026-01-13 01:07:00.213	1
A5614-PI-0317	1903.33827514979	2026-01-13 01:07:00.213	1
A5614-PI-0332	67142.3512462612	2026-01-13 01:07:00.213	1
A5614-PR-0103	75847.9614357045	2026-01-13 01:07:00.213	1
A5614-PR-0107	7321.15787325041	2026-01-13 01:07:00.213	1
A5650-PR-0114	99725.654737463	2026-01-13 01:07:00.213	1
A5651-PI-0214	20462.7057632295	2026-01-13 01:07:00.213	1
A5651-PI-0216	84305.4924240119	2026-01-13 01:07:00.213	1
A5810-PI-001	77446.0028099298	2026-01-13 01:07:00.213	1
A5810-PI-008	76898.7387779982	2026-01-13 01:07:00.213	1
A5810-TI-103	18353.7049610072	2026-01-13 01:07:00.213	1
A5931-AI-1003	93158.479979702	2026-01-13 01:07:00.213	1
A5931-PI-3021	34031.0756107998	2026-01-13 01:07:00.213	1
A5940-PI-3007	6148.13734408607	2026-01-13 01:07:00.213	1
A6178-PI-0314	10004.3652718825	2026-01-13 01:07:00.213	1
A6178-PI-0340	7211.03101179516	2026-01-13 01:07:00.213	1
A630-PI-514	42192.0467664526	2026-01-13 01:07:00.213	1
A630-PI-547	50645.0305624194	2026-01-13 01:07:00.213	1
A630-TI-534A	12218.2448670719	2026-01-13 01:07:00.213	1
A630-TI-539A	51594.171223378	2026-01-13 01:07:00.213	1
A630-TI-544A	91482.766931759	2026-01-13 01:07:00.213	1
A631-PI-001	83514.8967925434	2026-01-13 01:07:00.213	1
A631-PI-002	83827.7006107737	2026-01-13 01:07:00.213	1
A632-FR-001	88281.4589654883	2026-01-13 01:07:00.213	1
A632-PR-010	66228.3530304574	2026-01-13 01:07:00.213	1
A632-PR-015	96694.0992257755	2026-01-13 01:07:00.213	1
A636-PR-003	12982.726669303	2026-01-13 01:07:00.213	1
A636-PR-005	34058.8753530928	2026-01-13 01:07:00.213	1
A6500-PI-3041	9394.98368723926	2026-01-13 01:07:00.213	1
A6503-AI-0202	31420.9355135672	2026-01-13 01:07:00.213	1
A6503-AI-0204	56853.9329833798	2026-01-13 01:07:00.213	1
A6503-OMA-0310	73252.6435189361	2026-01-13 01:07:00.213	1
A6503-OMA-0314	76097.6618702074	2026-01-13 01:07:00.213	1
A6503-PI-0110	31576.7085789115	2026-01-13 01:07:00.213	1
A6503-PI-0222A	48547.142421748	2026-01-13 01:07:00.213	1
A6503-PI-0222B	83501.6145579764	2026-01-13 01:07:00.213	1
A6503-PI-0222C	58051.0430501697	2026-01-13 01:07:00.213	1
A6503-PI-0222D	63558.1375091375	2026-01-13 01:07:00.213	1
A6503-PI-0230	28862.0291602259	2026-01-13 01:07:00.213	1
A6503-PI-0233	87951.0429998507	2026-01-13 01:07:00.213	1
A6503-PI-0302	38731.4251710391	2026-01-13 01:07:00.213	1
A6503-PI-0335A	8551.76358153507	2026-01-13 01:07:00.213	1
A6503-PI-0335B	51692.6725432709	2026-01-13 01:07:00.213	1
A6503-PI-0335C	92488.9257483707	2026-01-13 01:07:00.213	1
A6503-PI-0335D	97166.8334722253	2026-01-13 01:07:00.213	1
A6503-PI-222A	23724.7458236308	2026-01-13 01:07:00.213	1
A6546-PI-0320	13579.814830679	2026-01-13 01:07:00.213	1
A6546-PI-0328	47452.5899437673	2026-01-13 01:07:00.213	1
A658-PI-101	89012.0247036941	2026-01-13 01:07:00.213	1
A661-FR-002	8234.090426059	2026-01-13 01:07:00.213	1
A661-PR-075	40723.1267100097	2026-01-13 01:07:00.213	1
A661-PR-082	56687.4878138572	2026-01-13 01:07:00.213	1
A661-PR-085	93581.302647744	2026-01-13 01:07:00.213	1
A661-PT-001	19570.6601205728	2026-01-13 01:07:00.213	1
A661-PT-003	79589.7147382445	2026-01-13 01:07:00.213	1
A6700-AT-102A	4108.71728572188	2026-01-13 01:07:00.213	1
A6702-PI-0110	32984.7516213584	2026-01-13 01:07:00.213	1
A6702-PI-0208	52624.3855894518	2026-01-13 01:07:00.213	1
A6703-DNTS0115A	18821.3417978711	2026-01-13 01:07:00.213	1
A6703-FRS-0115A	48708.4393842182	2026-01-13 01:07:00.213	1
A6703-PI-0116	90925.7164748934	2026-01-13 01:07:00.213	1
A6706-PI-0202	50679.3467427968	2026-01-13 01:07:00.213	1
A6706-PI-0207	58044.2229843826	2026-01-13 01:07:00.213	1
A6706-PI-0415	59146.9270571861	2026-01-13 01:07:00.213	1
A6706-PI-0423	79459.9815441359	2026-01-13 01:07:00.213	1
A6706-PT-0108	94378.371080821	2026-01-13 01:07:00.213	1
A671-FR-001	32480.325782601	2026-01-13 01:07:00.213	1
A671-PR-001	40185.7970153338	2026-01-13 01:07:00.213	1
A671-PT-002	79155.7006996225	2026-01-13 01:07:00.213	1
A671-PT-003	76124.5362657443	2026-01-13 01:07:00.213	1
A673-PR-002	15386.7202069686	2026-01-13 01:07:00.213	1
A6750-PI-311	18775.6660963206	2026-01-13 01:07:00.213	1
A6750-PI-427	48529.9278701808	2026-01-13 01:07:00.213	1
A6750-PI-429	56034.2753977241	2026-01-13 01:07:00.213	1
A6810-PI-0117	38404.6018707691	2026-01-13 01:07:00.213	1
A6810-PI-0202	55707.9428788307	2026-01-13 01:07:00.213	1
A690-PI-001	80892.4508404143	2026-01-13 01:07:00.213	1
A690-PI-002	91940.537080825	2026-01-13 01:07:00.213	1
A692-PR-001	24559.551358927	2026-01-13 01:07:00.213	1
A692-PR-004	51679.0300434626	2026-01-13 01:07:00.213	1
AZMS-FY84152A-18	94418.0708434717	2026-01-13 01:07:00.213	1
AZMS-FY84152A-31	6823.70512665085	2026-01-13 01:07:00.213	1
AZMS-FY84302A-18	29057.9100038262	2026-01-13 01:07:00.213	1
AZMS-PIA-84601A	59679.9932361584	2026-01-13 01:07:00.213	1
CA0100-FR-471AB	94011.3078051269	2026-01-13 01:07:00.213	1
CA0100-FR-471AC	8695.76094223101	2026-01-13 01:07:00.213	1
CA0100-FR-471CD	60091.4227040587	2026-01-13 01:07:00.213	2
CA0100-FRS-471AC	35301.4019152044	2026-01-13 01:07:00.213	1
CA0272-FR-TOTALA	61300.5162708507	2026-01-13 01:07:00.213	1
CA0300-FR-OCS1D	70345.6469834911	2026-01-13 01:07:00.213	1
CA0330-FR-060	45989.4797756064	2026-01-13 01:07:00.213	1
CA0330-FR-080	55830.3537742413	2026-01-13 01:07:00.213	1
CA0330-FR-2205	11510.2259896799	2026-01-13 01:07:00.213	1
CA0330-FR-7505	89595.6085543043	2026-01-13 01:07:00.213	1
CA0330-FR-8505	27508.2475821408	2026-01-13 01:07:00.213	1
CA0330-FR-8605	20147.0693718528	2026-01-13 01:07:00.213	1
CA0330-FR-8905	66525.8304028597	2026-01-13 01:07:00.213	1
CA0402-FR-5901	7269.83870720663	2026-01-13 01:07:00.213	1
CA0402-FR-5902	83210.3951625777	2026-01-13 01:07:00.213	1
CA0402-FR-6807	96273.1319141773	2026-01-13 01:07:00.213	1
CA0402-FR-6814	49256.6827051844	2026-01-13 01:07:00.213	1
CA0402-FR-7305	99439.9525738979	2026-01-13 01:07:00.213	1
CA0402-FR-TNP2	66131.7431751778	2026-01-13 01:07:00.213	1
CA0403-FR-1206	5462.21941261785	2026-01-13 01:07:00.213	1
CA0440-FR-1806	77553.1801329546	2026-01-13 01:07:00.213	1
CA0440-FR-2504	89687.6303101407	2026-01-13 01:07:00.213	1
CA0440-FR-2604	73099.1850820067	2026-01-13 01:07:00.213	1
CA0440-FR-2805	42932.0701210874	2026-01-13 01:07:00.213	1
CA0440-FR-TOP	75964.2403457513	2026-01-13 01:07:00.213	1
CA0465-FR-0705	99051.9697636661	2026-01-13 01:07:00.213	1
CA0465-FR-0805	48137.9231463219	2026-01-13 01:07:00.213	1
CA0505-FR-0610	18784.7537013327	2026-01-13 01:07:00.213	1
CA0505-FR-0611	98826.0662759826	2026-01-13 01:07:00.213	1
CA0631-FR-GNNK	51748.707075495	2026-01-13 01:07:00.213	1
CA0633-FR-0307	58528.4906042688	2026-01-13 01:07:00.213	1
CA0636-FR-0701	91664.1771345411	2026-01-13 01:07:00.213	1
CA0673-FR-GTLC	83044.2612373165	2026-01-13 01:07:00.213	1
CA0681-FI-301	1648.14140053057	2026-01-13 01:07:00.213	1
CA0692-FR-GKP1	475.045484821533	2026-01-13 01:07:00.213	1
CA0692-FR-GKP2	12095.7090345751	2026-01-13 01:07:00.213	1
CA0697-FR-001	51564.5988713201	2026-01-13 01:07:00.213	1
CA0697-FR-0307	78472.7817837386	2026-01-13 01:07:00.213	1
CA0697-FR-301	90323.5613760356	2026-01-13 01:07:00.213	1
CA1020-FRS-001E	81977.0626523611	2026-01-13 01:07:00.213	1
CA1020-FRS-002H	67196.8694015985	2026-01-13 01:07:00.213	1
CA1020-GHS-001	65772.2562722828	2026-01-13 01:07:00.213	1
CA1020-GHV-003	953.432677425874	2026-01-13 01:07:00.213	1
CA140-CO2-PAILIN	49170.9987449333	2026-01-13 01:07:00.213	1
CA140-FQI-CRNTN	43737.9250583014	2026-01-13 01:07:00.213	1
CA200-CO2-36	96273.1719137131	2026-01-13 01:07:00.213	1
CA200-CO2-ERWBPT	39784.4668698727	2026-01-13 01:07:00.213	1
CA200-CO2-OUT34	19305.1635700188	2026-01-13 01:07:00.213	1
CA200-CO2-TRANC2	72274.1883822057	2026-01-13 01:07:00.213	1
CA200-FOUT-034	25965.1153334048	2026-01-13 01:07:00.213	1
CA200-FOUT-036	94887.5609590334	2026-01-13 01:07:00.213	1
CA200-FR-ECPP	87400.9365505484	2026-01-13 01:07:00.213	1
CA200-PR-ECPP	11784.3234432918	2026-01-13 01:07:00.213	1
CA200-TR-ECPP	66546.630927086	2026-01-13 01:07:00.213	1
CA2002-FR-KN4	14151.6921427879	2026-01-13 01:07:00.213	1
CA201-FR-SATUN	86415.4764371592	2026-01-13 01:07:00.213	1
CA201-PR-SATUN	35500.5406671895	2026-01-13 01:07:00.213	1
CA201-TR-SATUN	635.227975824239	2026-01-13 01:07:00.213	1
CA202-FR-1850	78645.2903519927	2026-01-13 01:07:00.213	1
CA202-FR-PCPP	39640.0020695706	2026-01-13 01:07:00.213	1
CA202-PR-PCPP	87249.648523267	2026-01-13 01:07:00.213	1
CA202-TR-PCPP	15085.1180953454	2026-01-13 01:07:00.213	1
CA203-FR-BANPOT	88898.6936019936	2026-01-13 01:07:00.213	1
CA203-PR-BANPOT	79485.9720817288	2026-01-13 01:07:00.213	1
CA203-TR-BANPOT	63440.7018096219	2026-01-13 01:07:00.213	1
CA204-FR-FUNAN	7631.87024803848	2026-01-13 01:07:00.213	1
CA204-PR-FUNAN	8352.150879995	2026-01-13 01:07:00.213	1
CA204-TR-FUNAN	51331.0219799507	2026-01-13 01:07:00.213	1
CA2101-FI-001C	38827.4919749471	2026-01-13 01:07:00.213	1
CA2101-SFI-001D	7419.42542459548	2026-01-13 01:07:00.213	1
CA2106-FI-001DC	99320.6281085309	2026-01-13 01:07:00.213	1
CA2122-FI-001DC	98110.826717503	2026-01-13 01:07:00.213	1
CA3000-FR-OCS2D	45556.1610347181	2026-01-13 01:07:00.213	1
CA3200-FR-006N	86567.9054425876	2026-01-13 01:07:00.213	1
CA330-C2P-001	51197.9686446531	2026-01-13 01:07:00.213	1
CA330-FR-029	90754.535152592	2026-01-13 01:07:00.213	1
CA330-FR-063	81062.9148565824	2026-01-13 01:07:00.213	1
CA330-HWI-001	33261.4572811247	2026-01-13 01:07:00.213	1
CA3305-FR-6301	58835.9370142965	2026-01-13 01:07:00.213	1
CA3501-FI-021V	43094.072499714	2026-01-13 01:07:00.213	1
CA3506-FI-021V	49515.3798278441	2026-01-13 01:07:00.213	1
CA3507-FI-021V	32393.1046193251	2026-01-13 01:07:00.213	1
CA3600-FR-3601N	82546.6821660021	2026-01-13 01:07:00.213	1
CA3600-FR-3606N	48590.9758027423	2026-01-13 01:07:00.213	1
CA3600-USE-GSP6	97002.6756987419	2026-01-13 01:07:00.213	1
CA400-GS-006	46944.2318673255	2026-01-13 01:07:00.213	1
CA4000-CAL-M4	84398.6502760914	2026-01-13 01:07:00.213	1
CA4000-FI-TOTAL	91143.208998599	2026-01-13 01:07:00.213	1
CA4000-FR-002	36494.8398478074	2026-01-13 01:07:00.213	1
CA4000-FR-BVW1	15895.6118524045	2026-01-13 01:07:00.213	1
CA4000-FYT-810	97624.5288356361	2026-01-13 01:07:00.213	1
CA4000-FYT-810H	70246.2747798522	2026-01-13 01:07:00.213	1
CA4000-MS-GC-A	53103.5906878483	2026-01-13 01:07:00.213	1
CA4000-WB-BUF	31878.7707845479	2026-01-13 01:07:00.213	1
CA400AI085	19853.6155070672	2026-01-13 01:07:00.213	1
CA402-FR-GSPP11	67056.5874114538	2026-01-13 01:07:00.213	1
CA403-PR-003	61513.3277640394	2026-01-13 01:07:00.213	1
CA4101-FR-0910	30285.3664378399	2026-01-13 01:07:00.213	1
CA4101-FR-0930	62580.591483373	2026-01-13 01:07:00.213	1
CA4101-FR-TOTAL	95992.6181497907	2026-01-13 01:07:00.213	1
CA4103-FR-0405	93213.921357154	2026-01-13 01:07:00.213	1
CA4103-FR-AB	76523.3580789381	2026-01-13 01:07:00.213	1
CA4103-FR-CD	16332.2575391432	2026-01-13 01:07:00.213	1
CA4109-FR-0301	39962.8255504861	2026-01-13 01:07:00.213	1
CA4300-FR-001	50457.7665646502	2026-01-13 01:07:00.213	1
CA4300-GHS-001A	53944.1130094068	2026-01-13 01:07:00.213	1
CA440-FR-004	44352.0728534864	2026-01-13 01:07:00.213	1
CA440-FR-015	89744.5674656523	2026-01-13 01:07:00.213	1
CA440-WI-002	87746.5533670725	2026-01-13 01:07:00.213	1
CA4450-FQI-TOTAL	41631.1205338832	2026-01-13 01:07:00.213	1
CA4450-GHV-SBMR	955.480315098901	2026-01-13 01:07:00.213	1
CA4457-FR-0101	49674.2329525018	2026-01-13 01:07:00.213	1
CA4458-PDI-001	88526.1765350364	2026-01-13 01:07:00.213	1
CA4458-PDI-007	75969.4489579249	2026-01-13 01:07:00.213	1
CA4471-FR-AB	25332.3020840194	2026-01-13 01:07:00.213	1
CA4472-FR-001	69183.4356080328	2026-01-13 01:07:00.213	1
CA4472-FR-AB	4781.0589863873	2026-01-13 01:07:00.213	1
CA4472-FR-CD	15075.9154367829	2026-01-13 01:07:00.213	1
CA4473-FR-0108	45396.610976834	2026-01-13 01:07:00.213	1
CA4500-FR-810	58476.1618341106	2026-01-13 01:07:00.213	1
CA4901-FR-AB	80523.000896194	2026-01-13 01:07:00.213	1
CA4904-FR-0107	88196.2351286767	2026-01-13 01:07:00.213	1
CA4904-FR-0206	622.759007261111	2026-01-13 01:07:00.213	1
CA4904-FR-0306	38268.1131045736	2026-01-13 01:07:00.213	1
CA4904-FR-0406	97855.9411138186	2026-01-13 01:07:00.213	1
CA4904-FR-0506	31065.6944192018	2026-01-13 01:07:00.213	1
CA4909-FR-AB	72594.1296500698	2026-01-13 01:07:00.213	1
CA4913-FR-0115	50910.8401681676	2026-01-13 01:07:00.213	1
CA4920-FR-001_2	34232.6348186247	2026-01-13 01:07:00.213	1
CA5010-FR-TOTAL	89043.8760781081	2026-01-13 01:07:00.213	1
CA5020-CO2-42	63770.5763960511	2026-01-13 01:07:00.213	1
CA5020-FI-0002	94614.655424023	2026-01-13 01:07:00.213	1
CA5020-FI-0003	73089.598618724	2026-01-13 01:07:00.213	1
CA5020-HV-0003A	966.853319139439	2026-01-13 01:07:00.213	1
CA505-FR-SAMUT	56122.6993238325	2026-01-13 01:07:00.213	1
CA506-FR-004	4104.88334722219	2026-01-13 01:07:00.213	1
CA5100-FI-B17	42174.1994029714	2026-01-13 01:07:00.213	1
CA5100-FI-TOTAL	69267.0234147388	2026-01-13 01:07:00.213	1
CA5100-FR-2801	71573.1034900863	2026-01-13 01:07:00.213	1
CA5500-FIN-034	20751.5326354021	2026-01-13 01:07:00.213	1
CA5500-FIN-036	13520.2320418223	2026-01-13 01:07:00.213	1
CA5500-FT-001N	46846.9218117859	2026-01-13 01:07:00.213	1
CA5500-FT-750	24033.181483864	2026-01-13 01:07:00.213	1
CA5500-FT-850	6343.86700636402	2026-01-13 01:07:00.213	1
CA5500-FT-950	74505.7443096252	2026-01-13 01:07:00.213	1
CA5550-FR-OCS3D	38476.4830150815	2026-01-13 01:07:00.213	1
CA5550-FY-020A2R	80417.7451022917	2026-01-13 01:07:00.213	1
CA5560-FIN-042	44996.7587987014	2026-01-13 01:07:00.213	1
CA5590-FR-004D	51632.0351972911	2026-01-13 01:07:00.213	1
CA5602-FR-0101	38664.3895201005	2026-01-13 01:07:00.213	1
CA5602-FR-0207	37308.8577054734	2026-01-13 01:07:00.213	1
CA5602-FR-0309	40868.8346324859	2026-01-13 01:07:00.213	1
CA5604-T-NVF	12269.3511998536	2026-01-13 01:07:00.213	1
CA5605-FR-0605	90045.2813024208	2026-01-13 01:07:00.213	1
CA5610-FR-0141	80931.9719490396	2026-01-13 01:07:00.213	1
CA5611-FR-001	81582.3951694964	2026-01-13 01:07:00.213	1
CA5611-FR-0305	75395.8104384246	2026-01-13 01:07:00.213	1
CA5614-FR-0206	95433.0724336366	2026-01-13 01:07:00.213	1
CA5614-FR-0212	15958.0509719126	2026-01-13 01:07:00.213	1
CA5650-FR-0118	33624.3680640091	2026-01-13 01:07:00.213	1
CA5651-FR-ABP4	80162.8108704274	2026-01-13 01:07:00.213	1
CA5651-FR-ABP5	46431.3323556838	2026-01-13 01:07:00.213	1
CA5810-FR-100	28708.945297673	2026-01-13 01:07:00.213	1
CA5920-FI-005_6	77057.6559284759	2026-01-13 01:07:00.213	1
CA5920-FR-151	52346.2638850434	2026-01-13 01:07:00.213	1
CA5920-FRS-LNG	30087.4524902198	2026-01-13 01:07:00.213	1
CA5920-LIT-USA	16600.5686225714	2026-01-13 01:07:00.213	1
CA5931-FR-1002	51558.6161304589	2026-01-13 01:07:00.213	1
CA5931-FR-1002A	6547.98475217888	2026-01-13 01:07:00.213	1
CA5931-FR-1002B	22384.189012669	2026-01-13 01:07:00.213	1
CA6178-FR-0306	37923.470448401	2026-01-13 01:07:00.213	1
CA6178-FR-0335	21753.499582168	2026-01-13 01:07:00.213	1
CA630-FI-001	90766.3386175381	2026-01-13 01:07:00.213	1
CA636-FR-IPS	74144.6488871678	2026-01-13 01:07:00.213	1
CA636-FR-RJN	28260.8694177951	2026-01-13 01:07:00.213	1
CA6500-FR-0001	4799.56353830002	2026-01-13 01:07:00.213	1
CA6503-FR-GPD	91780.075800391	2026-01-13 01:07:00.213	1
CA6503-FR-IPP1	89904.7607020665	2026-01-13 01:07:00.213	1
CA6503-FR-IPP2	17144.3777573699	2026-01-13 01:07:00.213	1
CA6503-FR-IPP3	78091.5283270213	2026-01-13 01:07:00.213	1
CA6503-FR-IPP4	493.788437787453	2026-01-13 01:07:00.213	1
CA6503-FR-RUNA	95097.3131165648	2026-01-13 01:07:00.213	1
CA6503-FR-RUNB	34245.275793857	2026-01-13 01:07:00.213	1
CA6503-FR-RUNC	28765.0781137956	2026-01-13 01:07:00.213	1
CA6503-FR-RUND	53370.902395644	2026-01-13 01:07:00.213	1
CA6503-FR-TOTAL	31048.1212491544	2026-01-13 01:07:00.213	1
CA652-FR-DCAP	68488.2607360289	2026-01-13 01:07:00.213	1
CA6540-FR-0730	81326.7940746877	2026-01-13 01:07:00.213	1
CA6540-FR-0730D	88641.9799810769	2026-01-13 01:07:00.213	1
CA6540-FR-0732	50250.3393525618	2026-01-13 01:07:00.213	1
CA6540-FR-0732D	79508.6849822285	2026-01-13 01:07:00.213	1
CA6540-FR-BVW10	60118.7207220343	2026-01-13 01:07:00.213	1
CA6546-FR-0314	12726.9227965163	2026-01-13 01:07:00.213	1
CA6546-FR-0322	97722.1528570155	2026-01-13 01:07:00.213	1
CA661-FR-NKC	91584.9784055137	2026-01-13 01:07:00.213	1
CA661-SVF-103AB	52861.5260090999	2026-01-13 01:07:00.213	1
CA6702-FR-0109	13841.5192718402	2026-01-13 01:07:00.213	1
CA6702-FR0207AB	55727.0825882134	2026-01-13 01:07:00.213	1
CA6703-FR-AB	67632.8734867412	2026-01-13 01:07:00.213	1
CA6706-FR-0140	56453.0897402675	2026-01-13 01:07:00.213	1
CA6706-FR-0418	16653.5916116907	2026-01-13 01:07:00.213	1
CA6706-FR-AB	10493.9410772776	2026-01-13 01:07:00.213	1
CA673-FR-GULF	41566.8671229341	2026-01-13 01:07:00.213	1
CA6750-FR-GUT	92009.6836899841	2026-01-13 01:07:00.213	1
CA6810-FR-0116	89996.2557223696	2026-01-13 01:07:00.213	1
CA6810-FR-0208	73256.4967551274	2026-01-13 01:07:00.213	1
CA690-FR-712H	39650.5798375603	2026-01-13 01:07:00.213	1
CABV10-GHS-001	70542.2214931774	2026-01-13 01:07:00.213	1
CAL-USE-23ESP	41183.1713799924	2026-01-13 01:07:00.213	1
CAOCS1-FI-TOTAL	15551.3039435405	2026-01-13 01:07:00.213	1
CASPP1-FR-TOTAL	89744.3600648153	2026-01-13 01:07:00.213	1
CASPP2-FR-TOTAL	42447.86422585	2026-01-13 01:07:00.213	1
CASPP3-FR-TOTAL	81827.0365961211	2026-01-13 01:07:00.213	1
CAWSPP-FR-TOTAL	73719.4049708233	2026-01-13 01:07:00.213	1
CAZMS-CO2-001A	81436.5355045361	2026-01-13 01:07:00.213	1
CAZMS-CO2-001B	66436.9126703581	2026-01-13 01:07:00.213	1
CAZMS-FRS-001D	86694.3040417801	2026-01-13 01:07:00.213	1
CAZMS-FRS-001H	28036.8636933195	2026-01-13 01:07:00.213	1
CAZMS-GHVS-001A	964.012295166113	2026-01-13 01:07:00.213	1
D0633-HOV-0401	36657.0390345253	2026-01-13 01:07:00.213	1
D0660-HOV-003	75143.9914786603	2026-01-13 01:07:00.213	1
D0692-HOV-0101	8179.59371557999	2026-01-13 01:07:00.213	1
D0692-HOV-0102	80192.6837262412	2026-01-13 01:07:00.213	1
D340-HOV-001	39689.7936358605	2026-01-13 01:07:00.213	1
D4000-HOV-001	95920.9960851601	2026-01-13 01:07:00.213	1
D400HOV034	30728.7541509382	2026-01-13 01:07:00.213	1
D400MOV002	35142.1993779169	2026-01-13 01:07:00.213	1
D400MOV017	14618.1738065971	2026-01-13 01:07:00.213	1
D403-HOV-005	43094.3385912213	2026-01-13 01:07:00.213	1
D403-HOV-006	98087.3670085661	2026-01-13 01:07:00.213	1
D4457-HOV-001	80208.6157566446	2026-01-13 01:07:00.213	1
D4457-HOV-002	13663.5235806109	2026-01-13 01:07:00.213	1
D4457-HOV-003	76609.6900146827	2026-01-13 01:07:00.213	1
D4911-HOV-0101	70834.740934314	2026-01-13 01:07:00.213	1
D5600-HOV-024	14093.1693653855	2026-01-13 01:07:00.213	1
D5614-HOV-0302	7400.11852564741	2026-01-13 01:07:00.213	1
D631-HOV-006	36981.6008740067	2026-01-13 01:07:00.213	1
D661-HOV-001	7064.27284217671	2026-01-13 01:07:00.213	1
D661-HOV-004	85421.1494999201	2026-01-13 01:07:00.213	1
D6706-HOV-0201	13399.8443302418	2026-01-13 01:07:00.213	1
D671-HOV-002	38244.6565637044	2026-01-13 01:07:00.213	1
D692-HOV-001	58517.7332940084	2026-01-13 01:07:00.213	1
D692-HOV-002	49506.7183170155	2026-01-13 01:07:00.213	1
NA340-PI-002	37708.8326543926	2026-01-13 01:07:00.213	1
NA4000-AC-0701	72106.5105740402	2026-01-13 01:07:00.213	1
NA4000-AC810571A	20784.8014012793	2026-01-13 01:07:00.213	1
NA4000-AC810571B	91637.2330472054	2026-01-13 01:07:00.213	1
NA4000-GHV-0701	955.434374398593	2026-01-13 01:07:00.213	1
NA4000-PI-0101	93515.2570405	2026-01-13 01:07:00.213	1
NA4000-PI-0102	69806.5747342049	2026-01-13 01:07:00.213	1
NA4000-PI-0104	31529.9328346235	2026-01-13 01:07:00.213	1
NA4000-PI-0106	18403.5802091619	2026-01-13 01:07:00.213	1
NA4000-TT810049F	72758.0427949096	2026-01-13 01:07:00.213	1
NA4000-TT810079F	40556.9507806406	2026-01-13 01:07:00.213	1
NA4000-XT810591	1685.07412907309	2026-01-13 01:07:00.213	1
NA4000-XT810593	44267.8675310982	2026-01-13 01:07:00.213	1
NA4109-PI-0310	43242.4141639442	2026-01-13 01:07:00.213	1
NA4471-PI-0117	35846.5273231455	2026-01-13 01:07:00.213	1
NA652-PR-002	17577.551484244	2026-01-13 01:07:00.213	1
NA653-PI-001	3646.10689226178	2026-01-13 01:07:00.213	1
NA653-PI-004	73149.7581157287	2026-01-13 01:07:00.213	1
NCA4300-ST-001	62628.4953098003	2026-01-13 01:07:00.213	1
NCA4471-FR-140	34985.7545253559	2026-01-13 01:07:00.213	1
NSA1020-CO2-001	5336.67508966103	2026-01-13 01:07:00.213	1
NSA1020-FRS-001A	32694.2968292467	2026-01-13 01:07:00.213	1
NSA1020-FRS-001B	88646.2596020897	2026-01-13 01:07:00.213	1
NSA1020-FRS-001C	3893.23274912748	2026-01-13 01:07:00.213	1
NSA1020-GHD-001	27090.60755812	2026-01-13 01:07:00.213	1
NSA1020-N2-001	36105.5075279094	2026-01-13 01:07:00.213	1
NSA4000-C1-BUF	43866.8573761685	2026-01-13 01:07:00.213	1
NSA4000-C2-BUF	68557.9531810647	2026-01-13 01:07:00.213	1
NSA4000-C3-BUF	11875.1797962807	2026-01-13 01:07:00.213	1
NSA4000-C6-BUF	49493.615908434	2026-01-13 01:07:00.213	1
NSA4000-CO2-BUF	63227.3243148761	2026-01-13 01:07:00.213	1
NSA4000-IC4-BUF	53774.3157445848	2026-01-13 01:07:00.213	1
NSA4000-IC5-BUF	58878.7549440207	2026-01-13 01:07:00.213	1
NSA4000-N2-BUF	52414.7120011888	2026-01-13 01:07:00.213	1
NSA4000-NC4-BUF	19855.878725415	2026-01-13 01:07:00.213	1
NSA4000-NC5-BUF	60417.905218416	2026-01-13 01:07:00.213	1
NSA4000-SAT-BUF	55714.4471280252	2026-01-13 01:07:00.213	1
NSA4000-SG-BUF	18295.7857255241	2026-01-13 01:07:00.213	1
NSA4000-WB-BUF	27182.6325881773	2026-01-13 01:07:00.213	1
NSA4109-DET0301A	35729.0930664181	2026-01-13 01:07:00.213	1
NSA4109-DET0301B	58151.9543653708	2026-01-13 01:07:00.213	1
NSA4109-EFR0301A	66798.1627562291	2026-01-13 01:07:00.213	1
NSA4109-EFR0301B	36777.7364683003	2026-01-13 01:07:00.213	1
NSA4109-FRS0301A	71220.7968963973	2026-01-13 01:07:00.213	1
NSA4109-FRS0301B	91292.4681441232	2026-01-13 01:07:00.213	1
NSA4109DNTS0301A	56778.0282858914	2026-01-13 01:07:00.213	1
NSA4109DNTS0301B	99920.8124650267	2026-01-13 01:07:00.213	1
NSA4300-CO2-001A	85248.5875714411	2026-01-13 01:07:00.213	1
NSA4300-CO2-001B	65865.1788085148	2026-01-13 01:07:00.213	1
NSA4300-GHV-001A	959.484952034047	2026-01-13 01:07:00.213	1
NSA4300-TT-001B	78412.7067283712	2026-01-13 01:07:00.213	1
NSA4300-TT-001E	8575.06509067423	2026-01-13 01:07:00.213	1
NSA4300-WC-001A	81601.6958567274	2026-01-13 01:07:00.213	1
NSA4470-SG-107	23388.1982464707	2026-01-13 01:07:00.213	1
NSA4471-DET0140A	28603.0504721122	2026-01-13 01:07:00.213	1
NSA4471-DET0140B	67035.1670712283	2026-01-13 01:07:00.213	1
NSA4471-EFR0140A	78300.2786421568	2026-01-13 01:07:00.213	1
NSA4471-EFR0140B	12870.1676635916	2026-01-13 01:07:00.213	1
NSA4471-FRS0140A	34673.9336051634	2026-01-13 01:07:00.213	1
NSA4471-FRS0140B	71191.1350071999	2026-01-13 01:07:00.213	1
NSA4471DNTS0140A	28850.4851744944	2026-01-13 01:07:00.213	1
NSA4471DNTS0140B	44739.8144258127	2026-01-13 01:07:00.213	1
NSA4700-FI-801	67695.7597190335	2026-01-13 01:07:00.213	1
NSA4700-PI-501	97274.9851777694	2026-01-13 01:07:00.213	1
NSA4700-PI-801	89139.2447829509	2026-01-13 01:07:00.213	1
SA0100-C1-470	54709.1808875551	2026-01-13 01:07:00.213	1
SA0100-C2-470	4299.85948448008	2026-01-13 01:07:00.213	1
SA0100-C3-470	9868.57786873661	2026-01-13 01:07:00.213	1
SA0100-C6P-470	9330.91122718143	2026-01-13 01:07:00.213	1
SA0100-CO2-470	55063.1275545256	2026-01-13 01:07:00.213	1
SA0100-DET-471A	42637.5922690271	2026-01-13 01:07:00.213	1
SA0100-DET-471C	87569.8529185181	2026-01-13 01:07:00.213	1
SA0100-DNTS471A	58427.1244352412	2026-01-13 01:07:00.213	1
SA0100-DNTS471C	81975.9928888163	2026-01-13 01:07:00.213	1
SA0100-EFR-471A	59350.9802438192	2026-01-13 01:07:00.213	1
SA0100-EFR-471C	2257.66573688357	2026-01-13 01:07:00.213	1
SA0100-FRS-471A	17736.4049943424	2026-01-13 01:07:00.213	1
SA0100-FRS-471C	55760.7524616962	2026-01-13 01:07:00.213	1
SA0100-GHD-471	24745.3631549761	2026-01-13 01:07:00.213	1
SA0100-GHS-470	22995.6427847041	2026-01-13 01:07:00.213	1
SA0100-GHS-800	51707.6653305262	2026-01-13 01:07:00.213	1
SA0100-IC4-470	4591.54924184096	2026-01-13 01:07:00.213	1
SA0100-IC5-470	87840.9056366973	2026-01-13 01:07:00.213	1
SA0100-N2-470	11147.1441714443	2026-01-13 01:07:00.213	1
SA0100-NC4-470	17584.1214597196	2026-01-13 01:07:00.213	1
SA0100-NC5-470	5001.63820845608	2026-01-13 01:07:00.213	1
SA0100-PI-472	42030.1332743247	2026-01-13 01:07:00.213	1
SA0100-SG-470	24883.465515559	2026-01-13 01:07:00.213	1
SA0100-WI-470	34245.2877583874	2026-01-13 01:07:00.213	1
SA0100-WOB-800	35892.045497171	2026-01-13 01:07:00.213	1
SA0272-2PL39404A	63061.3286340348	2026-01-13 01:07:00.213	1
SA0272-2TL-39427	86036.5693059723	2026-01-13 01:07:00.213	1
SA0272-CO239900A	40091.3120329338	2026-01-13 01:07:00.213	1
SA0272-DET39900A	36502.8466678457	2026-01-13 01:07:00.213	1
SA0272-DET39901A	15416.7652205104	2026-01-13 01:07:00.213	1
SA0272-DET39902A	29581.2494749767	2026-01-13 01:07:00.213	1
SA0272-EFR39900A	85003.2796327074	2026-01-13 01:07:00.213	1
SA0272-EFR39901A	49871.4200905712	2026-01-13 01:07:00.213	1
SA0272-EFR39902A	86047.5813310591	2026-01-13 01:07:00.213	1
SA0272-FRS39900A	69775.9700375876	2026-01-13 01:07:00.213	1
SA0272-FRS39901A	39447.7696097887	2026-01-13 01:07:00.213	1
SA0272-FRS39902A	94958.4916827116	2026-01-13 01:07:00.213	1
SA0272-GHV39900A	965.201028515472	2026-01-13 01:07:00.213	1
SA0272-WB-39900A	96297.04992945	2026-01-13 01:07:00.213	1
SA0272DNTS39900A	69609.0572270045	2026-01-13 01:07:00.213	1
SA0272DNTS39901A	59318.2595349335	2026-01-13 01:07:00.213	1
SA0272DNTS39902A	31058.0034043579	2026-01-13 01:07:00.213	1
SA0300-HGS-7103	91586.3734105154	2026-01-13 01:07:00.213	1
SA0300-WI-7103	29182.9724910402	2026-01-13 01:07:00.213	1
SA0330-CO2-008	47180.2549783632	2026-01-13 01:07:00.213	1
SA0330-DET-028A	87900.3130065734	2026-01-13 01:07:00.213	1
SA0330-DET-028B	26223.6274393877	2026-01-13 01:07:00.213	1
SA0330-DET-028C	76266.0428265176	2026-01-13 01:07:00.213	1
SA0330-DET-060A	26640.6340817758	2026-01-13 01:07:00.213	1
SA0330-DET-060B	94024.6607650036	2026-01-13 01:07:00.213	1
SA0330-DET-063A	12772.4180169774	2026-01-13 01:07:00.213	1
SA0330-DET-063C	61014.1257815247	2026-01-13 01:07:00.213	1
SA0330-DET-080A	96358.9355825092	2026-01-13 01:07:00.213	1
SA0330-DET-080B	73110.6140306981	2026-01-13 01:07:00.213	1
SA0330-DET-2205A	37802.4574720446	2026-01-13 01:07:00.213	1
SA0330-DET-2205B	13316.3799657175	2026-01-13 01:07:00.213	1
SA0330-DET-7505A	99662.3853684349	2026-01-13 01:07:00.213	1
SA0330-DET-7505B	10271.3072290843	2026-01-13 01:07:00.213	1
SA0330-DET-8505A	66915.829512224	2026-01-13 01:07:00.213	1
SA0330-DET-8505B	63293.3946394887	2026-01-13 01:07:00.213	1
SA0330-DET-8605A	72850.4807826382	2026-01-13 01:07:00.213	1
SA0330-DET-8605B	27971.2309594728	2026-01-13 01:07:00.213	1
SA0330-DET-8905A	85075.7929339165	2026-01-13 01:07:00.213	1
SA0330-DET-8905B	4249.86453481842	2026-01-13 01:07:00.213	1
SA0330-DNTS-028A	3346.08676848141	2026-01-13 01:07:00.213	1
SA0330-DNTS-028B	23318.0856622007	2026-01-13 01:07:00.213	1
SA0330-DNTS-028C	24854.4755781873	2026-01-13 01:07:00.213	1
SA0330-DNTS-060A	8334.49130177842	2026-01-13 01:07:00.213	1
SA0330-DNTS-060B	74484.7399847023	2026-01-13 01:07:00.213	1
SA0330-DNTS-063A	8529.35366329711	2026-01-13 01:07:00.213	1
SA0330-DNTS-063C	55292.4605610283	2026-01-13 01:07:00.213	1
SA0330-DNTS-080A	40287.4249122029	2026-01-13 01:07:00.213	1
SA0330-DNTS-080B	63181.2225026476	2026-01-13 01:07:00.213	1
SA0330-DNTS2205A	13579.3075749665	2026-01-13 01:07:00.213	1
SA0330-DNTS2205B	53663.8300867826	2026-01-13 01:07:00.213	1
SA0330-DNTS7505A	92962.8671898706	2026-01-13 01:07:00.213	1
SA0330-DNTS7505B	9955.00343015652	2026-01-13 01:07:00.213	1
SA0330-DNTS8505A	58690.32897389	2026-01-13 01:07:00.213	1
SA0330-DNTS8505B	16505.8679482553	2026-01-13 01:07:00.213	1
SA0330-DNTS8605A	2366.03321816235	2026-01-13 01:07:00.213	1
SA0330-DNTS8605B	92691.2691296379	2026-01-13 01:07:00.213	1
SA0330-DNTS8905A	72566.0916158657	2026-01-13 01:07:00.213	1
SA0330-DNTS8905B	23098.4731176217	2026-01-13 01:07:00.213	1
SA0330-EFR-028A	97995.960774857	2026-01-13 01:07:00.213	1
SA0330-EFR-028B	99403.0685472541	2026-01-13 01:07:00.213	1
SA0330-EFR-028C	81350.408983805	2026-01-13 01:07:00.213	1
SA0330-EFR-060A	65896.6565870118	2026-01-13 01:07:00.213	1
SA0330-EFR-060B	89056.3800613627	2026-01-13 01:07:00.213	1
SA0330-EFR-063A	43880.2085489196	2026-01-13 01:07:00.213	1
SA0330-EFR-063C	23486.3384111691	2026-01-13 01:07:00.213	1
SA0330-EFR-080A	71355.183397171	2026-01-13 01:07:00.213	1
SA0330-EFR-080B	55784.3954897841	2026-01-13 01:07:00.213	1
SA0330-EFR-2205A	81547.9465434345	2026-01-13 01:07:00.213	1
SA0330-EFR-2205B	11159.6561016451	2026-01-13 01:07:00.213	1
SA0330-EFR-7505A	71480.771823936	2026-01-13 01:07:00.213	1
SA0330-EFR-7505B	64328.0280340289	2026-01-13 01:07:00.213	1
SA0330-EFR-8505A	12577.0008067719	2026-01-13 01:07:00.213	1
SA0330-EFR-8505B	24358.5910012258	2026-01-13 01:07:00.213	1
SA0330-EFR-8605A	99076.280680294	2026-01-13 01:07:00.213	1
SA0330-EFR-8605B	86087.1498158629	2026-01-13 01:07:00.213	1
SA0330-EFR-8905A	4838.55848287301	2026-01-13 01:07:00.213	1
SA0330-EFR-8905B	96811.8614953403	2026-01-13 01:07:00.213	1
SA0330-FRS-028A	44669.8846312827	2026-01-13 01:07:00.213	1
SA0330-FRS-028B	75776.4472335395	2026-01-13 01:07:00.213	1
SA0330-FRS-028C	9207.64029012945	2026-01-13 01:07:00.213	1
SA0330-FRS-060A	42971.7312478664	2026-01-13 01:07:00.213	1
SA0330-FRS-060B	40170.6024870071	2026-01-13 01:07:00.213	1
SA0330-FRS-063A	39705.7990747225	2026-01-13 01:07:00.213	1
SA0330-FRS-063C	2215.74933122752	2026-01-13 01:07:00.213	1
SA0330-FRS-080A	24599.4376796949	2026-01-13 01:07:00.213	1
SA0330-FRS-080B	47188.6137808479	2026-01-13 01:07:00.213	1
SA0330-FRS-2205A	1921.15780580821	2026-01-13 01:07:00.213	1
SA0330-FRS-2205B	9225.43998967874	2026-01-13 01:07:00.213	1
SA0330-FRS-7505A	58942.4210742445	2026-01-13 01:07:00.213	1
SA0330-FRS-7505B	80568.8561500596	2026-01-13 01:07:00.213	1
SA0330-FRS-8505A	66743.1752122497	2026-01-13 01:07:00.213	1
SA0330-FRS-8505B	52432.7963934043	2026-01-13 01:07:00.213	1
SA0330-FRS-8605A	13668.0270965117	2026-01-13 01:07:00.213	1
SA0330-FRS-8605B	48762.109665115	2026-01-13 01:07:00.213	1
SA0330-FRS-8905A	29981.4632957494	2026-01-13 01:07:00.213	1
SA0330-FRS-8905B	49720.0572348445	2026-01-13 01:07:00.213	1
SA0330-GHD-008	13256.2830138147	2026-01-13 01:07:00.213	1
SA0330-GHS-008	58046.5114460122	2026-01-13 01:07:00.213	1
SA0330-PR-080A	90789.9622807384	2026-01-13 01:07:00.213	1
SA0330-SG-008	92608.7745504587	2026-01-13 01:07:00.213	1
SA0330-WI-008	37835.5479257343	2026-01-13 01:07:00.213	1
SA0400-C1-001	77984.5012194931	2026-01-13 01:07:00.213	1
SA0400-C2-001	31944.2631476967	2026-01-13 01:07:00.213	1
SA0400-C3-001	7190.09120770489	2026-01-13 01:07:00.213	1
SA0400-C6P-001	35724.3147260496	2026-01-13 01:07:00.213	1
SA0400-CO2-001	47466.8277540356	2026-01-13 01:07:00.213	1
SA0400-DET-001A1	26643.7459422954	2026-01-13 01:07:00.213	1
SA0400-DET-002A1	28203.8446996031	2026-01-13 01:07:00.213	1
SA0400-DET-005A1	48004.7134853319	2026-01-13 01:07:00.213	1
SA0400-DNTS-005A1	8988.14105959367	2026-01-13 01:07:00.213	1
SA0400-DNTS001A1	57.8768263209337	2026-01-13 01:07:00.213	1
SA0400-DNTS002A1	71754.4222345774	2026-01-13 01:07:00.213	1
SA0400-DNTS005A1	44218.6351129018	2026-01-13 01:07:00.213	1
SA0400-EFR-001A1	46325.9557257848	2026-01-13 01:07:00.213	1
SA0400-EFR-002A1	16968.2501729366	2026-01-13 01:07:00.213	1
SA0400-EFR-005A1	11339.1904975462	2026-01-13 01:07:00.213	1
SA0400-FI-123	8264.68270600262	2026-01-13 01:07:00.213	1
SA0400-FI-456	89224.5268059137	2026-01-13 01:07:00.213	1
SA0400-FRS-001A1	94098.5255828446	2026-01-13 01:07:00.213	1
SA0400-FRS-002A1	89215.0222462204	2026-01-13 01:07:00.213	1
SA0400-FRS-005A1	59228.242063578	2026-01-13 01:07:00.213	1
SA0400-GHD-001	12006.3777873976	2026-01-13 01:07:00.213	1
SA0400-GHS-001	96779.6978891306	2026-01-13 01:07:00.213	1
SA0400-HGS-001	83540.3933752149	2026-01-13 01:07:00.213	1
SA0400-IC4-001	46731.8015064721	2026-01-13 01:07:00.213	1
SA0400-IC5-001	89861.6116522151	2026-01-13 01:07:00.213	1
SA0400-N2-001	11788.5793397125	2026-01-13 01:07:00.213	1
SA0400-NC4-001	35529.0841688421	2026-01-13 01:07:00.213	1
SA0400-NC5-001	48436.5505016541	2026-01-13 01:07:00.213	1
SA0400-PI-012A	73848.6847573307	2026-01-13 01:07:00.213	1
SA0400-PI-012B	69897.6099116406	2026-01-13 01:07:00.213	1
SA0400-PIC-063	66314.2366782665	2026-01-13 01:07:00.213	1
SA0400-SG-001	5348.68634697387	2026-01-13 01:07:00.213	1
SA0400-TI-060A	99360.0926749228	2026-01-13 01:07:00.213	1
SA0400-TI-060B	52912.5151721381	2026-01-13 01:07:00.213	1
SA0400-TI-060C	57942.3634798072	2026-01-13 01:07:00.213	1
SA0400-WI-001	72718.4338940721	2026-01-13 01:07:00.213	1
SA0402-DET-5807A	76454.8066971376	2026-01-13 01:07:00.213	1
SA0402-DET-5807B	16478.9219961905	2026-01-13 01:07:00.213	1
SA0402-DET-5901A	43872.5043056875	2026-01-13 01:07:00.213	1
SA0402-DET-5901B	74466.7767786892	2026-01-13 01:07:00.213	1
SA0402-DET-5902A	61155.5145602908	2026-01-13 01:07:00.213	1
SA0402-DET-5902B	92269.1042258984	2026-01-13 01:07:00.213	1
SA0402-DET-6807A	9424.53929779361	2026-01-13 01:07:00.213	1
SA0402-DET-6807B	35276.5745325364	2026-01-13 01:07:00.213	1
SA0402-DET-6814A	41565.0907043922	2026-01-13 01:07:00.213	1
SA0402-DET-6814B	47389.1156571297	2026-01-13 01:07:00.213	1
SA0402-DET-7305A	79397.2410922304	2026-01-13 01:07:00.213	1
SA0402-DET-7305B	34516.802578457	2026-01-13 01:07:00.213	1
SA0402-DET-8101A	17144.926261818	2026-01-13 01:07:00.213	1
SA0402-DET-8101B	56175.2345600769	2026-01-13 01:07:00.213	1
SA0402-DNTS5901A	33411.9991404898	2026-01-13 01:07:00.213	1
SA0402-DNTS5901B	13322.6049098374	2026-01-13 01:07:00.213	1
SA0402-DNTS5902A	79003.4296296665	2026-01-13 01:07:00.213	1
SA0402-DNTS5902B	3676.5584964809	2026-01-13 01:07:00.213	1
SA0402-DNTS6807A	39362.880547551	2026-01-13 01:07:00.213	1
SA0402-DNTS6807B	85380.6393566268	2026-01-13 01:07:00.213	1
SA0402-DNTS6814A	4008.34930796465	2026-01-13 01:07:00.213	1
SA0402-DNTS6814B	38000.0094577859	2026-01-13 01:07:00.213	1
SA0402-DNTS7305A	63418.9569418702	2026-01-13 01:07:00.213	1
SA0402-DNTS7305B	90030.0114183965	2026-01-13 01:07:00.213	1
SA0402-DNTS8101A	41652.0748783001	2026-01-13 01:07:00.213	1
SA0402-DNTS8101B	24111.2079039118	2026-01-13 01:07:00.213	1
SA0402-EFR-5807A	48120.9876581981	2026-01-13 01:07:00.213	1
SA0402-EFR-5807B	84095.8948775917	2026-01-13 01:07:00.213	1
SA0402-EFR-5901A	92752.1935352038	2026-01-13 01:07:00.213	1
SA0402-EFR-5901B	69857.7800011146	2026-01-13 01:07:00.213	1
SA0402-EFR-5902A	54440.2624717403	2026-01-13 01:07:00.213	1
SA0402-EFR-5902B	6423.04114495831	2026-01-13 01:07:00.213	1
SA0402-EFR-6807A	85697.5923428255	2026-01-13 01:07:00.213	1
SA0402-EFR-6807B	13086.5501129525	2026-01-13 01:07:00.213	1
SA0402-EFR-6814A	92088.9773143538	2026-01-13 01:07:00.213	1
SA0402-EFR-6814B	4448.20451474935	2026-01-13 01:07:00.213	1
SA0402-EFR-7305A	50013.581540504	2026-01-13 01:07:00.213	1
SA0402-EFR-7305B	62448.5563158902	2026-01-13 01:07:00.213	1
SA0402-EFR-8101A	86101.1328628798	2026-01-13 01:07:00.213	1
SA0402-EFR-8101B	22460.8979302803	2026-01-13 01:07:00.213	1
SA0402-FRS-5807A	34867.4778002934	2026-01-13 01:07:00.213	1
SA0402-FRS-5807B	62642.6640048559	2026-01-13 01:07:00.213	1
SA0402-FRS-5901A	4944.25696593849	2026-01-13 01:07:00.213	1
SA0402-FRS-5901B	4825.98989533719	2026-01-13 01:07:00.213	1
SA0402-FRS-5902A	44562.5065261701	2026-01-13 01:07:00.213	1
SA0402-FRS-5902B	51217.560209538	2026-01-13 01:07:00.213	1
SA0402-FRS-6807A	41176.8741235777	2026-01-13 01:07:00.213	1
SA0402-FRS-6807B	53379.0108249549	2026-01-13 01:07:00.213	1
SA0402-FRS-6814A	62034.6546753514	2026-01-13 01:07:00.213	1
SA0402-FRS-6814B	457.170506868954	2026-01-13 01:07:00.213	1
SA0402-FRS-7305A	67602.9237726767	2026-01-13 01:07:00.213	1
SA0402-FRS-7305B	32715.1954273768	2026-01-13 01:07:00.213	1
SA0402-FRS-8101A	76638.3646544248	2026-01-13 01:07:00.213	1
SA0402-FRS-8101B	62934.7461997908	2026-01-13 01:07:00.213	1
SA0402DNTS-5807A	33478.843957344	2026-01-13 01:07:00.213	1
SA0402DNTS-5807B	97200.3606362536	2026-01-13 01:07:00.213	1
SA0403-DET-1206A	86291.4141609397	2026-01-13 01:07:00.213	1
SA0403-DET-1206B	83863.6875150142	2026-01-13 01:07:00.213	1
SA0403-DNTS1206A	87039.740158431	2026-01-13 01:07:00.213	1
SA0403-DNTS1206B	60807.4859833159	2026-01-13 01:07:00.213	1
SA0403-EFR-1206A	1444.04955136897	2026-01-13 01:07:00.213	1
SA0403-EFR-1206B	16096.2046462157	2026-01-13 01:07:00.213	1
SA0403-FRS-1206A	95562.0911448609	2026-01-13 01:07:00.213	1
SA0403-FRS-1206B	97317.4636709304	2026-01-13 01:07:00.213	1
SA0440-DET-0705A	6664.28294802729	2026-01-13 01:07:00.213	1
SA0440-DET-0705B	19583.9061082286	2026-01-13 01:07:00.213	1
SA0440-DET-1806A	61774.1346188675	2026-01-13 01:07:00.213	1
SA0440-DET-1806B	50216.4009981925	2026-01-13 01:07:00.213	1
SA0440-DET-1909A	50977.7412308362	2026-01-13 01:07:00.213	1
SA0440-DET-1909B	81447.4869963776	2026-01-13 01:07:00.213	1
SA0440-DET-1914A	12414.3697320627	2026-01-13 01:07:00.213	1
SA0440-DET-1914B	66909.391600888	2026-01-13 01:07:00.213	1
SA0440-DET-2504A	10794.1096857218	2026-01-13 01:07:00.213	1
SA0440-DET-2504B	67213.0586659126	2026-01-13 01:07:00.213	1
SA0440-DET-2604A	18579.6129303527	2026-01-13 01:07:00.213	1
SA0440-DET-2604B	89549.9933041603	2026-01-13 01:07:00.213	1
SA0440-DET-2805A	86501.9112224192	2026-01-13 01:07:00.213	1
SA0440-DET-2805B	8615.02870834944	2026-01-13 01:07:00.213	1
SA0440-DNTS0705A	35407.0172728145	2026-01-13 01:07:00.213	1
SA0440-DNTS0705B	21007.5957297041	2026-01-13 01:07:00.213	1
SA0440-DNTS1806A	93805.2332469155	2026-01-13 01:07:00.213	1
SA0440-DNTS1806B	97788.9692320486	2026-01-13 01:07:00.213	1
SA0440-DNTS1909A	22560.4058662669	2026-01-13 01:07:00.213	1
SA0440-DNTS1909B	20680.129757854	2026-01-13 01:07:00.213	1
SA0440-DNTS1914A	18280.5685607235	2026-01-13 01:07:00.213	1
SA0440-DNTS1914B	66942.6566157544	2026-01-13 01:07:00.213	1
SA0440-DNTS2504A	48465.5810990042	2026-01-13 01:07:00.213	1
SA0440-DNTS2504B	30226.3391449822	2026-01-13 01:07:00.213	1
SA0440-DNTS2604A	12319.0303507526	2026-01-13 01:07:00.213	1
SA0440-DNTS2604B	13482.5191056571	2026-01-13 01:07:00.213	1
SA0440-DNTS2805A	27147.3927507128	2026-01-13 01:07:00.213	1
SA0440-DNTS2805B	68115.4804376111	2026-01-13 01:07:00.213	1
SA0440-EFR-0705A	74070.7140602938	2026-01-13 01:07:00.213	1
SA0440-EFR-0705B	73480.2764923561	2026-01-13 01:07:00.213	1
SA0440-EFR-1806A	43119.4565313127	2026-01-13 01:07:00.213	1
SA0440-EFR-1806B	24866.2575849966	2026-01-13 01:07:00.213	1
SA0440-EFR-1909A	61674.8162592848	2026-01-13 01:07:00.213	1
SA0440-EFR-1909B	65579.2337112007	2026-01-13 01:07:00.213	1
SA0440-EFR-1914A	69855.8772365247	2026-01-13 01:07:00.213	1
SA0440-EFR-1914B	20888.9981375504	2026-01-13 01:07:00.213	1
SA0440-EFR-2504A	95031.3530461286	2026-01-13 01:07:00.213	1
SA0440-EFR-2504B	84993.3263418771	2026-01-13 01:07:00.213	1
SA0440-EFR-2604A	16910.7100881954	2026-01-13 01:07:00.213	1
SA0440-EFR-2604B	36846.3323266729	2026-01-13 01:07:00.213	1
SA0440-EFR-2805A	44099.9920629327	2026-01-13 01:07:00.213	1
SA0440-EFR-2805B	44474.763982888	2026-01-13 01:07:00.213	1
SA0440-FR-1909A	67371.3152518323	2026-01-13 01:07:00.213	1
SA0440-FR-1909B	88564.8399167226	2026-01-13 01:07:00.213	1
SA0440-FR-1914A	62560.9229918359	2026-01-13 01:07:00.213	1
SA0440-FR-1914B	2463.89546219313	2026-01-13 01:07:00.213	1
SA0440-FRS-0705A	40520.1272280651	2026-01-13 01:07:00.213	1
SA0440-FRS-0705B	39065.4782864858	2026-01-13 01:07:00.213	1
SA0440-FRS-1806A	83459.7915501426	2026-01-13 01:07:00.213	1
SA0440-FRS-1806B	72852.9387512787	2026-01-13 01:07:00.213	1
SA0440-FRS-1909A	46032.6966431	2026-01-13 01:07:00.213	1
SA0440-FRS-1909B	13166.073212298	2026-01-13 01:07:00.213	1
SA0440-FRS-1914A	60531.7684560091	2026-01-13 01:07:00.213	1
SA0440-FRS-1914B	20768.5451366887	2026-01-13 01:07:00.213	1
SA0440-FRS-2504A	66133.2930289995	2026-01-13 01:07:00.213	1
SA0440-FRS-2504B	13165.2205759255	2026-01-13 01:07:00.213	1
SA0440-FRS-2604A	45124.3938800064	2026-01-13 01:07:00.213	1
SA0440-FRS-2604B	39541.4796840707	2026-01-13 01:07:00.213	1
SA0440-FRS-2805A	81881.1455399522	2026-01-13 01:07:00.213	1
SA0440-FRS-2805B	37821.2371119592	2026-01-13 01:07:00.213	1
SA0465-DET-0705A	19344.3911604295	2026-01-13 01:07:00.213	1
SA0465-DET-0705B	24706.3776027266	2026-01-13 01:07:00.213	1
SA0465-DET-0805A	62175.2021634068	2026-01-13 01:07:00.213	1
SA0465-DET-0805B	64570.0077874411	2026-01-13 01:07:00.213	1
SA0465-DNTS0705A	35212.498066331	2026-01-13 01:07:00.213	1
SA0465-DNTS0705B	30318.536615697	2026-01-13 01:07:00.213	1
SA0465-DNTS0805A	10333.6954077622	2026-01-13 01:07:00.213	1
SA0465-DNTS0805B	59874.2749613579	2026-01-13 01:07:00.213	1
SA0465-EFR-0705A	70748.0777875795	2026-01-13 01:07:00.213	1
SA0465-EFR-0705B	70215.464396838	2026-01-13 01:07:00.213	1
SA0465-EFR-0805A	85873.6180676778	2026-01-13 01:07:00.213	1
SA0465-EFR-0805B	78316.4520331504	2026-01-13 01:07:00.213	1
SA0465-FR-0705A	99963.4196504118	2026-01-13 01:07:00.213	1
SA0465-FR-0705B	80867.869794942	2026-01-13 01:07:00.213	1
SA0465-FRS-0705A	20621.4993945887	2026-01-13 01:07:00.213	1
SA0465-FRS-0705B	46988.9010659323	2026-01-13 01:07:00.213	1
SA0465-FRS-0805A	25785.0956398163	2026-01-13 01:07:00.213	1
SA0465-FRS-0805B	18145.6565976467	2026-01-13 01:07:00.213	1
SA0505-DET-0610A	18603.4061790404	2026-01-13 01:07:00.213	1
SA0505-DET-0610B	90522.7851144519	2026-01-13 01:07:00.213	1
SA0505-DET-0611A	89802.0581064672	2026-01-13 01:07:00.213	1
SA0505-DET-0611B	54996.3460964405	2026-01-13 01:07:00.213	1
SA0505-DNTS0610A	31879.6562251532	2026-01-13 01:07:00.213	1
SA0505-DNTS0610B	5536.24586618984	2026-01-13 01:07:00.213	1
SA0505-DNTS0611A	31365.1049106906	2026-01-13 01:07:00.213	1
SA0505-DNTS0611B	94766.3434836617	2026-01-13 01:07:00.213	1
SA0505-EFR-0610A	89132.7335015113	2026-01-13 01:07:00.213	1
SA0505-EFR-0610B	82631.3764989118	2026-01-13 01:07:00.213	1
SA0505-EFR-0611A	2630.80277665672	2026-01-13 01:07:00.213	1
SA0505-EFR-0611B	18909.7044541472	2026-01-13 01:07:00.213	1
SA0505-FRS-0610A	48317.2328566888	2026-01-13 01:07:00.213	1
SA0505-FRS-0610B	16154.9387908726	2026-01-13 01:07:00.213	1
SA0505-FRS-0611A	51781.8669862357	2026-01-13 01:07:00.213	1
SA0505-FRS-0611B	13278.8187961434	2026-01-13 01:07:00.213	1
SA0631-DET-1101A	617.103465984865	2026-01-13 01:07:00.213	1
SA0631-DET-1101B	62034.7954456213	2026-01-13 01:07:00.213	1
SA0631-DNTS1101A	34319.2583164909	2026-01-13 01:07:00.213	1
SA0631-DNTS1101B	35202.6343419062	2026-01-13 01:07:00.213	1
SA0631-EFR-1101A	12286.6513280575	2026-01-13 01:07:00.213	1
SA0631-EFR-1101B	52435.086616626	2026-01-13 01:07:00.213	1
SA0631-FRS-1101A	35281.5208971332	2026-01-13 01:07:00.213	1
SA0631-FRS-1101B	57734.4708263256	2026-01-13 01:07:00.213	1
SA0633-DET-0307A	5295.95239461538	2026-01-13 01:07:00.213	1
SA0633-DET-0307B	55459.5823301478	2026-01-13 01:07:00.213	1
SA0633-DNTS0307A	43383.9784138579	2026-01-13 01:07:00.213	1
SA0633-DNTS0307B	24166.8630090477	2026-01-13 01:07:00.213	1
SA0633-EFR-0307A	81486.5644225986	2026-01-13 01:07:00.213	1
SA0633-EFR-0307B	39845.6353786697	2026-01-13 01:07:00.213	1
SA0633-FRS-0307A	85858.7770313508	2026-01-13 01:07:00.213	1
SA0633-FRS-0307B	60703.5280029467	2026-01-13 01:07:00.213	1
SA0636-DET-0701A	95133.2818106911	2026-01-13 01:07:00.213	1
SA0636-DET-0701B	37977.7124145239	2026-01-13 01:07:00.213	1
SA0636-DNTS0701A	32568.21174426	2026-01-13 01:07:00.213	1
SA0636-DNTS0701B	98080.6988565476	2026-01-13 01:07:00.213	1
SA0636-EFR-0701A	96778.1108127539	2026-01-13 01:07:00.213	1
SA0636-EFR-0701B	97542.9877859246	2026-01-13 01:07:00.213	1
SA0636-FRS-0701A	40022.7681161745	2026-01-13 01:07:00.213	1
SA0636-FRS-0701B	52688.1847893696	2026-01-13 01:07:00.213	1
SA0637-001ACC	45435.1550329183	2026-01-13 01:07:00.213	1
SA0637-001ACE	61605.3933085339	2026-01-13 01:07:00.213	1
SA0637-001BCC	42829.3010574676	2026-01-13 01:07:00.213	1
SA0637-001BCE	14860.2692598956	2026-01-13 01:07:00.213	1
SA0637-C1-001A	47802.0547962433	2026-01-13 01:07:00.213	1
SA0637-C2-001A	83737.106794692	2026-01-13 01:07:00.213	1
SA0637-C3-001A	42371.4285981753	2026-01-13 01:07:00.213	1
SA0637-C6-001A	31553.8642967825	2026-01-13 01:07:00.213	1
SA0637-CO2-001A	58283.1027552292	2026-01-13 01:07:00.213	1
SA0637-FY-ACC	36349.2113282167	2026-01-13 01:07:00.213	1
SA0637-GHD-001A	43629.7444122507	2026-01-13 01:07:00.213	1
SA0637-GHV-001A	969.529452157725	2026-01-13 01:07:00.213	1
SA0637-IC4-001A	68670.8966233538	2026-01-13 01:07:00.213	1
SA0637-IC5-001A	26448.485145209	2026-01-13 01:07:00.213	1
SA0637-N2-001A	23247.043825831	2026-01-13 01:07:00.213	1
SA0637-NC4-001A	43019.3478457226	2026-01-13 01:07:00.213	1
SA0637-NC5-001A	2918.93792379151	2026-01-13 01:07:00.213	1
SA0637-PI-222	44988.2173949705	2026-01-13 01:07:00.213	1
SA0637-PIA-207	7651.24404015318	2026-01-13 01:07:00.213	1
SA0637-SG-001A	78641.547068894	2026-01-13 01:07:00.213	1
SA0637-WOB-001A	30302.1451037246	2026-01-13 01:07:00.213	1
SA0640-GHV-203	951.934031114543	2026-01-13 01:07:00.213	1
SA0640-WI-203	26989.5700599235	2026-01-13 01:07:00.213	1
SA0650-C1-001	89438.3370900482	2026-01-13 01:07:00.213	1
SA0650-C2-001	8014.0615293133	2026-01-13 01:07:00.213	1
SA0650-C3-001	21601.709969059	2026-01-13 01:07:00.213	1
SA0650-C6-001	27380.4279210607	2026-01-13 01:07:00.213	1
SA0650-CO2-001	79372.7802630173	2026-01-13 01:07:00.213	1
SA0650-HGD-001	72683.4890454964	2026-01-13 01:07:00.213	1
SA0650-HGS-001	56923.7257028786	2026-01-13 01:07:00.213	1
SA0650-IC4-001	4622.95928114299	2026-01-13 01:07:00.213	1
SA0650-IC5-001	27209.4411570996	2026-01-13 01:07:00.213	1
SA0650-N2-001	73085.4086401692	2026-01-13 01:07:00.213	1
SA0650-NC4-001	84523.9662453168	2026-01-13 01:07:00.213	1
SA0650-NC5-001	39405.0972465992	2026-01-13 01:07:00.213	1
SA0650-SG-001	15851.8875438688	2026-01-13 01:07:00.213	1
SA0650-WOB-001	22501.878812498	2026-01-13 01:07:00.213	1
SA0660-C1-002	74328.6204993521	2026-01-13 01:07:00.213	1
SA0660-C2-002	96748.9252617306	2026-01-13 01:07:00.213	1
SA0660-C3-002	54471.7917146389	2026-01-13 01:07:00.213	1
SA0660-C6-002	93696.2854136289	2026-01-13 01:07:00.213	1
SA0660-CO2-002	90428.0503842489	2026-01-13 01:07:00.213	1
SA0660-HGS-002	23436.0071850405	2026-01-13 01:07:00.213	1
SA0660-IC4-002	39329.941099995	2026-01-13 01:07:00.213	1
SA0660-IC5-002	9348.12095035056	2026-01-13 01:07:00.213	1
SA0660-N2-002	5228.41429480527	2026-01-13 01:07:00.213	1
SA0660-NC4-002	47219.9055012275	2026-01-13 01:07:00.213	1
SA0660-NC5-002	51565.8991664689	2026-01-13 01:07:00.213	1
SA0660-SG-002	91830.7457626573	2026-01-13 01:07:00.213	1
SA0660-WOB-002	94972.8572398353	2026-01-13 01:07:00.213	1
SA0673-DET-2101A	6670.98991007989	2026-01-13 01:07:00.213	1
SA0673-DET-2101B	79211.4939877188	2026-01-13 01:07:00.213	1
SA0673-DNTS2101A	19985.2828911475	2026-01-13 01:07:00.213	1
SA0673-DNTS2101B	56654.6961454358	2026-01-13 01:07:00.213	1
SA0673-EFR-2101A	36812.2550917288	2026-01-13 01:07:00.213	1
SA0673-EFR-2101B	61200.1616914637	2026-01-13 01:07:00.213	1
SA0673-FRS-2101A	379.096578476489	2026-01-13 01:07:00.213	1
SA0673-FRS-2101B	50393.0254202796	2026-01-13 01:07:00.213	1
SA0680-C1-001	52639.6936671776	2026-01-13 01:07:00.213	1
SA0680-C2-001	6393.20600777688	2026-01-13 01:07:00.213	1
SA0680-C3-001	11815.5737120615	2026-01-13 01:07:00.213	1
SA0680-C6P-001	1790.28089422225	2026-01-13 01:07:00.213	1
SA0680-CO2-001	87941.4828114939	2026-01-13 01:07:00.213	1
SA0680-GHD-001	65489.1962733122	2026-01-13 01:07:00.213	1
SA0680-GHS-001	78320.6491230411	2026-01-13 01:07:00.213	1
SA0680-IC4-001	24457.8224557808	2026-01-13 01:07:00.213	1
SA0680-IC5-001	72574.9005683694	2026-01-13 01:07:00.213	1
SA0680-N2-001	12032.383078926	2026-01-13 01:07:00.213	1
SA0680-NC4-001	47642.7199362688	2026-01-13 01:07:00.213	1
SA0680-NC5-001	14524.8872001611	2026-01-13 01:07:00.213	1
SA0680-SG-001	38683.0008710847	2026-01-13 01:07:00.213	1
SA0680-WI-001	67575.6006093578	2026-01-13 01:07:00.213	1
SA0690-C1-501	73642.824236473	2026-01-13 01:07:00.213	1
SA0690-C2-501	58438.1950010261	2026-01-13 01:07:00.213	1
SA0690-C3-501	33682.2049017251	2026-01-13 01:07:00.213	1
SA0690-C6P-501	60312.680079759	2026-01-13 01:07:00.213	1
SA0690-CO2-501	98912.8187080099	2026-01-13 01:07:00.213	1
SA0690-GHD-501	61884.7969748277	2026-01-13 01:07:00.213	1
SA0690-GHS-501	48596.7454353756	2026-01-13 01:07:00.213	1
SA0690-IC4-501	12529.0404742008	2026-01-13 01:07:00.213	1
SA0690-IC5-501	53172.2734014209	2026-01-13 01:07:00.213	1
SA0690-N2-501	93772.8693323866	2026-01-13 01:07:00.213	1
SA0690-NC4-501	17828.861474649	2026-01-13 01:07:00.213	1
SA0690-NC5-501	40549.1455184759	2026-01-13 01:07:00.213	1
SA0690-SG-501	94273.4142712334	2026-01-13 01:07:00.213	1
SA0690-WI-501	76033.9347037799	2026-01-13 01:07:00.213	1
SA0692-DET-0201A	54328.4628956443	2026-01-13 01:07:00.213	1
SA0692-DET-0201B	14117.1098473916	2026-01-13 01:07:00.213	1
SA0692-DET-0301A	64360.7037911573	2026-01-13 01:07:00.213	1
SA0692-DET-0301B	76017.5503626186	2026-01-13 01:07:00.213	1
SA0692-DNTS0201A	60298.3760549373	2026-01-13 01:07:00.213	1
SA0692-DNTS0201B	76576.632192891	2026-01-13 01:07:00.213	1
SA0692-DNTS0301A	86204.3994275056	2026-01-13 01:07:00.213	1
SA0692-DNTS0301B	71695.7494112968	2026-01-13 01:07:00.213	1
SA0692-EFR-0201A	43550.9675517106	2026-01-13 01:07:00.213	1
SA0692-EFR-0201B	48115.0810290868	2026-01-13 01:07:00.213	1
SA0692-EFR-0301A	46756.528115702	2026-01-13 01:07:00.213	1
SA0692-EFR-0301B	24196.017024414	2026-01-13 01:07:00.213	1
SA0692-FRS-0201A	49175.0704220208	2026-01-13 01:07:00.213	1
SA0692-FRS-0201B	19759.9339720202	2026-01-13 01:07:00.213	1
SA0692-FRS-0301A	33891.0725626618	2026-01-13 01:07:00.213	1
SA0692-FRS-0301B	72797.9050723299	2026-01-13 01:07:00.213	1
SA0697-C1-301	40845.1389233173	2026-01-13 01:07:00.213	1
SA0697-C2-301	52481.662424439	2026-01-13 01:07:00.213	1
SA0697-C3-301	79716.5960693618	2026-01-13 01:07:00.213	1
SA0697-C6-301	17621.2999342107	2026-01-13 01:07:00.213	1
SA0697-CO2-301	43558.5643131446	2026-01-13 01:07:00.213	1
SA0697-DET-0201A	6898.99681791366	2026-01-13 01:07:00.213	1
SA0697-DET-0201B	85905.2595177225	2026-01-13 01:07:00.213	1
SA0697-DET-301A	78408.1908848799	2026-01-13 01:07:00.213	1
SA0697-DET-301B	1530.24314608926	2026-01-13 01:07:00.213	1
SA0697-DET-301C	79364.7261947668	2026-01-13 01:07:00.213	1
SA0697-DET-301D	96870.8262919616	2026-01-13 01:07:00.213	1
SA0697-DET-301E	35922.3139510234	2026-01-13 01:07:00.213	1
SA0697-DET-301F	88882.7311215071	2026-01-13 01:07:00.213	1
SA0697-DET0307A	34374.7693044527	2026-01-13 01:07:00.213	1
SA0697-DET0307B	80339.568160511	2026-01-13 01:07:00.213	1
SA0697-DNTS-301A	93587.716526964	2026-01-13 01:07:00.213	1
SA0697-DNTS-301B	49674.9618027074	2026-01-13 01:07:00.213	1
SA0697-DNTS-301C	44379.6862848083	2026-01-13 01:07:00.213	1
SA0697-DNTS-301D	68575.8843141316	2026-01-13 01:07:00.213	1
SA0697-DNTS-301E	19681.7290651663	2026-01-13 01:07:00.213	1
SA0697-DNTS-301F	73403.5561719413	2026-01-13 01:07:00.213	1
SA0697-DNTS0201A	81616.5965209251	2026-01-13 01:07:00.213	1
SA0697-DNTS0201B	18007.2673279301	2026-01-13 01:07:00.213	1
SA0697-DNTS0307A	28350.5894822765	2026-01-13 01:07:00.213	1
SA0697-DNTS0307B	81615.9231813092	2026-01-13 01:07:00.213	1
SA0697-EFR-0201A	98176.7552330995	2026-01-13 01:07:00.213	1
SA0697-EFR-0201B	79930.5794153538	2026-01-13 01:07:00.213	1
SA0697-EFR-301A	42987.3122442906	2026-01-13 01:07:00.213	1
SA0697-EFR-301B	30850.2494477891	2026-01-13 01:07:00.213	1
SA0697-EFR-301C	81657.8080459803	2026-01-13 01:07:00.213	1
SA0697-EFR-301D	19852.2015890263	2026-01-13 01:07:00.213	1
SA0697-EFR-301E	74856.6567563704	2026-01-13 01:07:00.213	1
SA0697-EFR-301F	57995.0803303593	2026-01-13 01:07:00.213	1
SA0697-EFR0307A	56494.8480080864	2026-01-13 01:07:00.213	1
SA0697-EFR0307B	52821.4976646145	2026-01-13 01:07:00.213	1
SA0697-FRS-0201A	22873.2719283697	2026-01-13 01:07:00.213	1
SA0697-FRS-0201B	34018.2944988518	2026-01-13 01:07:00.213	1
SA0697-FRS-301A	66805.066066365	2026-01-13 01:07:00.213	1
SA0697-FRS-301B	99806.4538094915	2026-01-13 01:07:00.213	1
SA0697-FRS-301C	20226.4099050034	2026-01-13 01:07:00.213	1
SA0697-FRS-301D	15121.7342771395	2026-01-13 01:07:00.213	1
SA0697-FRS-301E	81362.0910075224	2026-01-13 01:07:00.213	1
SA0697-FRS-301F	61456.8134481223	2026-01-13 01:07:00.213	1
SA0697-FRS0307A	79714.5753622513	2026-01-13 01:07:00.213	1
SA0697-FRS0307B	25406.9251129818	2026-01-13 01:07:00.213	1
SA0697-HGD-301	31024.8445579059	2026-01-13 01:07:00.213	1
SA0697-HGS-301	68996.4858789345	2026-01-13 01:07:00.213	1
SA0697-IC4-301	4521.63169692895	2026-01-13 01:07:00.213	1
SA0697-IC5-301	79096.590682665	2026-01-13 01:07:00.213	1
SA0697-N2-301	66818.3717542262	2026-01-13 01:07:00.213	1
SA0697-NC4-301	3028.00873541495	2026-01-13 01:07:00.213	1
SA0697-NC5-301	79852.9369632336	2026-01-13 01:07:00.213	1
SA0697-SG-301	21138.5302438808	2026-01-13 01:07:00.213	1
SA0697-TR-301A	14126.946641903	2026-01-13 01:07:00.213	1
SA0697-TR-301B	35954.6515384502	2026-01-13 01:07:00.213	1
SA0697-TR-301C	33774.1895691605	2026-01-13 01:07:00.213	1
SA0697-TR-301D	52005.3794042404	2026-01-13 01:07:00.213	1
SA0697-TR-301E	70216.2473054305	2026-01-13 01:07:00.213	1
SA0697-TR-301F	61076.9742442941	2026-01-13 01:07:00.213	1
SA0697-WCT-301A	8982.03779579256	2026-01-13 01:07:00.213	1
SA0697-WOB-301	43671.2254022992	2026-01-13 01:07:00.213	1
SA1020-C1-001	4847.62111661544	2026-01-13 01:07:00.213	1
SA1020-C2-001	40785.2100601017	2026-01-13 01:07:00.213	1
SA1020-C3-001	84222.3250888069	2026-01-13 01:07:00.213	1
SA1020-C6P-001	52659.0017115278	2026-01-13 01:07:00.213	1
SA1020-CO2-001	30716.4271862871	2026-01-13 01:07:00.213	1
SA1020-DET-001A	18566.0589410783	2026-01-13 01:07:00.213	1
SA1020-DET-001B	68609.9757625088	2026-01-13 01:07:00.213	1
SA1020-DET-001C	9024.62476102778	2026-01-13 01:07:00.213	1
SA1020-DNTS001A	8334.36923687443	2026-01-13 01:07:00.213	1
SA1020-DNTS001B	25136.2355860378	2026-01-13 01:07:00.213	1
SA1020-DNTS001C	81089.2484711892	2026-01-13 01:07:00.213	1
SA1020-EFR-001A	25879.0544344049	2026-01-13 01:07:00.213	1
SA1020-EFR-001B	97946.528300506	2026-01-13 01:07:00.213	1
SA1020-EFR-001C	48280.3995840399	2026-01-13 01:07:00.213	1
SA1020-FRS-001T	75340.4926438009	2026-01-13 01:07:00.213	1
SA1020-GHS-001	65688.1134287811	2026-01-13 01:07:00.213	1
SA1020-GHV-002	960.439633275876	2026-01-13 01:07:00.213	1
SA1020-IC4-001	51151.1571549692	2026-01-13 01:07:00.213	1
SA1020-IC5-001	52659.9559827803	2026-01-13 01:07:00.213	1
SA1020-N2-001	54084.9445506354	2026-01-13 01:07:00.213	1
SA1020-NC4-001	9105.60667987478	2026-01-13 01:07:00.213	1
SA1020-NC5-001	81963.4149713752	2026-01-13 01:07:00.213	1
SA1020-PI-006A	70164.0676898169	2026-01-13 01:07:00.213	1
SA1020-SG-001	92063.9275758507	2026-01-13 01:07:00.213	1
SA1020-WI-001	33536.0471022623	2026-01-13 01:07:00.213	1
SA140-CO2-1374A	26457.7790991656	2026-01-13 01:07:00.213	1
SA140-DET-1360A	97065.6662329268	2026-01-13 01:07:00.213	1
SA140-DET-1365A	67399.3515630733	2026-01-13 01:07:00.213	1
SA140-DNTS-1360A	55453.2088111776	2026-01-13 01:07:00.213	1
SA140-DNTS-1365A	69156.435397958	2026-01-13 01:07:00.213	1
SA140-EFR-1360A	494.517567295683	2026-01-13 01:07:00.213	1
SA140-EFR-1365A	2149.20282181944	2026-01-13 01:07:00.213	1
SA140-FRS-1360A	64937.305090204	2026-01-13 01:07:00.213	1
SA140-FRS-1365A	57881.4508249127	2026-01-13 01:07:00.213	1
SA140-HGS-1374A	71780.1056423605	2026-01-13 01:07:00.213	1
SA150-CO2-1374A	21273.1288619045	2026-01-13 01:07:00.213	1
SA150-DET-1360A	81105.4082630684	2026-01-13 01:07:00.213	1
SA150-DET-1365A	73453.2540594472	2026-01-13 01:07:00.213	1
SA150-DNTS-1360A	64820.878187403	2026-01-13 01:07:00.213	1
SA150-DNTS-1365A	65148.2928794919	2026-01-13 01:07:00.213	1
SA150-EFR-1360A	41171.7898040264	2026-01-13 01:07:00.213	1
SA150-EFR-1365A	81487.2810036015	2026-01-13 01:07:00.213	1
SA150-FRS-1360A	69936.6605761025	2026-01-13 01:07:00.213	1
SA150-FRS-1365A	84028.5564782171	2026-01-13 01:07:00.213	1
SA150-HGS-1374A	94231.2058044018	2026-01-13 01:07:00.213	1
SA192-CO2-2902AN	84209.7302158807	2026-01-13 01:07:00.213	1
SA192-DET-2900AN	99927.814913229	2026-01-13 01:07:00.213	1
SA192-DET-2901AN	27282.1962551647	2026-01-13 01:07:00.213	1
SA192-DNTS2900AN	53147.6349602066	2026-01-13 01:07:00.213	1
SA192-DNTS2901AN	40108.5885737766	2026-01-13 01:07:00.213	1
SA192-EFR-2900AN	699.091300539314	2026-01-13 01:07:00.213	1
SA192-EFR-2901AN	13001.8338159633	2026-01-13 01:07:00.213	1
SA192-FRS-2900AN	89722.9215162434	2026-01-13 01:07:00.213	1
SA192-FRS-2901AN	82668.0487678122	2026-01-13 01:07:00.213	1
SA192-HGS-2902A	34788.8942556389	2026-01-13 01:07:00.213	1
SA192-HGS-2902AN	64962.9365405251	2026-01-13 01:07:00.213	1
SA192-PR-2900AN	38153.7182825188	2026-01-13 01:07:00.213	1
SA200-C1-002	92182.0032918139	2026-01-13 01:07:00.213	1
SA200-C2-002	81759.1747917318	2026-01-13 01:07:00.213	1
SA200-C3-002	21552.1196885355	2026-01-13 01:07:00.213	1
SA200-C6-002	44005.1864989031	2026-01-13 01:07:00.213	1
SA200-CO2-002	44583.856798518	2026-01-13 01:07:00.213	1
SA200-CO2-2822A	51448.2993285649	2026-01-13 01:07:00.213	1
SA200-EFR-2820A	8813.09726760335	2026-01-13 01:07:00.213	1
SA200-EFR-2821A	31386.8566841418	2026-01-13 01:07:00.213	1
SA200-FRS-2820A	81020.7153863034	2026-01-13 01:07:00.213	1
SA200-FRS-2821A	38633.418509542	2026-01-13 01:07:00.213	1
SA200-HGS-2822A	18084.648208191	2026-01-13 01:07:00.213	1
SA200-HVS-002	964.345808587828	2026-01-13 01:07:00.213	1
SA200-IC4-002	45289.5448974804	2026-01-13 01:07:00.213	1
SA200-IC5-002	72086.3715068008	2026-01-13 01:07:00.213	1
SA200-N2-002	28857.3583530504	2026-01-13 01:07:00.213	1
SA200-NC4-002	51263.606447661	2026-01-13 01:07:00.213	1
SA200-NC5-002	60411.6116808611	2026-01-13 01:07:00.213	1
SA200-PIT-1106	64414.7210139418	2026-01-13 01:07:00.213	1
SA200-SG-002	56591.1891659015	2026-01-13 01:07:00.213	1
SA2002-C1-GC	24478.0639135089	2026-01-13 01:07:00.213	1
SA2002-C2-GC	68409.1762551933	2026-01-13 01:07:00.213	1
SA2002-C3-GC	70657.0572388162	2026-01-13 01:07:00.213	1
SA2002-C6-GC	63164.3101448594	2026-01-13 01:07:00.213	1
SA2002-CO2-GC	16940.2096753783	2026-01-13 01:07:00.213	1
SA2002-DET-0107A	59177.03256907	2026-01-13 01:07:00.213	1
SA2002-DET-0107B	58869.2762337279	2026-01-13 01:07:00.213	1
SA2002-DET-0107C	93730.3381671959	2026-01-13 01:07:00.213	1
SA2002-EFR-0107A	54244.9906167052	2026-01-13 01:07:00.213	1
SA2002-EFR-0107B	94986.2196010085	2026-01-13 01:07:00.213	1
SA2002-EFR-0107C	863.98915031437	2026-01-13 01:07:00.213	1
SA2002-FRS-0107A	90444.9396145214	2026-01-13 01:07:00.213	1
SA2002-FRS-0107B	15879.8325698601	2026-01-13 01:07:00.213	1
SA2002-FRS-0107C	88290.0787061225	2026-01-13 01:07:00.213	1
SA2002-GCV-GC	38220.2264589286	2026-01-13 01:07:00.213	1
SA2002-IC4-GC	81297.6225137251	2026-01-13 01:07:00.213	1
SA2002-IC5-GC	72436.7686347937	2026-01-13 01:07:00.213	1
SA2002-N2-GC	64392.2789992526	2026-01-13 01:07:00.213	1
SA2002-NC4-GC	5632.09048153537	2026-01-13 01:07:00.213	1
SA2002-NC5-GC	23870.4515973049	2026-01-13 01:07:00.213	1
SA2002-PI-0117	24052.0877492378	2026-01-13 01:07:00.213	1
SA2002-SG-GC	19305.6524542852	2026-01-13 01:07:00.213	1
SA2002-WOB-GC	21082.1781272018	2026-01-13 01:07:00.213	1
SA2002DNTS0107A	18146.6814307832	2026-01-13 01:07:00.213	1
SA2002DNTS0107B	90538.0192483567	2026-01-13 01:07:00.213	1
SA2002DNTS0107C	21429.0731470485	2026-01-13 01:07:00.213	1
SA201-CO2-2832A	81605.9239321766	2026-01-13 01:07:00.213	1
SA201-EFR-2830A	87473.7751570715	2026-01-13 01:07:00.213	1
SA201-EFR-2831A	65994.0752169881	2026-01-13 01:07:00.213	1
SA201-FRS-2830A	31820.018250298	2026-01-13 01:07:00.213	1
SA201-FRS-2831A	99207.4559188416	2026-01-13 01:07:00.213	1
SA201-HGS-2832A	86301.7513769278	2026-01-13 01:07:00.213	1
SA202-CO2-1810A	17591.623691131	2026-01-13 01:07:00.213	1
SA202-CO2-3497A	20402.8184807954	2026-01-13 01:07:00.213	1
SA202-DET-1850A1	94386.6151106846	2026-01-13 01:07:00.213	1
SA202-DET-1850B1	42369.5794631157	2026-01-13 01:07:00.213	1
SA202-DET-1850C1	25003.5285675614	2026-01-13 01:07:00.213	1
SA202-DET-3495A	4689.79457673365	2026-01-13 01:07:00.213	1
SA202-DET-3496A	8537.36742608258	2026-01-13 01:07:00.213	1
SA202-DNTS-3495A	32870.4173388067	2026-01-13 01:07:00.213	1
SA202-DNTS-3496A	51281.629391309	2026-01-13 01:07:00.213	1
SA202-DNTS1850A1	84539.9757285058	2026-01-13 01:07:00.213	1
SA202-DNTS1850B1	79433.7605752846	2026-01-13 01:07:00.213	1
SA202-DNTS1850C1	26077.6875595971	2026-01-13 01:07:00.213	1
SA202-EFR-1850A1	31068.9530470992	2026-01-13 01:07:00.213	1
SA202-EFR-1850B1	23484.1398370491	2026-01-13 01:07:00.213	1
SA202-EFR-1850C1	86352.8291235493	2026-01-13 01:07:00.213	1
SA202-EFR-3495A	2308.76100124815	2026-01-13 01:07:00.213	1
SA202-EFR-3496A	49548.8491934763	2026-01-13 01:07:00.213	1
SA202-FRS-1850A1	77380.021306606	2026-01-13 01:07:00.213	1
SA202-FRS-1850B1	55476.5065233528	2026-01-13 01:07:00.213	1
SA202-FRS-1850C1	52059.4012051909	2026-01-13 01:07:00.213	1
SA202-FRS-3495A	11644.8399114085	2026-01-13 01:07:00.213	1
SA202-FRS-3496A	80077.7714700186	2026-01-13 01:07:00.213	1
SA202-HGS-1810A	95851.3560934247	2026-01-13 01:07:00.213	1
SA202-HGS-3497A	60733.8933890349	2026-01-13 01:07:00.213	1
SA202-PIT-1100	21940.395337812	2026-01-13 01:07:00.213	1
SA202-TIT-1100	40447.3027639186	2026-01-13 01:07:00.213	1
SA203-CO2-2842A	31959.3674152614	2026-01-13 01:07:00.213	1
SA203-EFR-2840A	76.8978764424959	2026-01-13 01:07:00.213	1
SA203-EFR-2841A	31013.6291255294	2026-01-13 01:07:00.213	1
SA203-FRS-2840A	4225.01623331826	2026-01-13 01:07:00.213	1
SA203-FRS-2841A	70087.0911699779	2026-01-13 01:07:00.213	1
SA203-HGS-2842A	4826.285769429	2026-01-13 01:07:00.213	1
SA204-CO2-6082A	25949.130372824	2026-01-13 01:07:00.213	1
SA204-EFR-6080A	43068.4484464661	2026-01-13 01:07:00.213	1
SA204-EFR-6081A	83263.9107491928	2026-01-13 01:07:00.213	1
SA204-FRS-6080A	73748.2404248095	2026-01-13 01:07:00.213	1
SA204-FRS-6081A	96391.8862766659	2026-01-13 01:07:00.213	1
SA204-HGS-6082A	46597.955805988	2026-01-13 01:07:00.213	1
SA206-EFR-6030	89362.0216849008	2026-01-13 01:07:00.213	1
SA206-FRS-6030	18510.2227561939	2026-01-13 01:07:00.213	1
SA210-PI-001	37743.2885286897	2026-01-13 01:07:00.213	1
SA2101-C1-101	89249.3673285344	2026-01-13 01:07:00.213	1
SA2101-C2-101	84453.3336715928	2026-01-13 01:07:00.213	1
SA2101-C3-101	53260.5162064583	2026-01-13 01:07:00.213	1
SA2101-C6P-101	77974.3007474245	2026-01-13 01:07:00.213	1
SA2101-CO2-002F	52837.2179325107	2026-01-13 01:07:00.213	1
SA2101-CO2-101	76519.2795057323	2026-01-13 01:07:00.213	1
SA2101-GHS-101	74364.5195668075	2026-01-13 01:07:00.213	1
SA2101-IC4-101	75505.9013437588	2026-01-13 01:07:00.213	1
SA2101-IC5-101	91026.8040121407	2026-01-13 01:07:00.213	1
SA2101-N2-101	30124.6439501341	2026-01-13 01:07:00.213	1
SA2101-NC4-101	2453.19347648894	2026-01-13 01:07:00.213	1
SA2101-NC5-101	63103.5541072846	2026-01-13 01:07:00.213	1
SA2101-SGD-101	60769.1132066129	2026-01-13 01:07:00.213	1
SA2101-WI-101	97802.2080040422	2026-01-13 01:07:00.213	1
SA300-CO2-001	19973.9470094665	2026-01-13 01:07:00.213	1
SA300-GHV-001	965.296670363916	2026-01-13 01:07:00.213	1
SA300-WOB-001	3390.13264461676	2026-01-13 01:07:00.213	1
SA3000-CO2-001	76263.4079495155	2026-01-13 01:07:00.213	1
SA3000-GHS-219	13653.998184749	2026-01-13 01:07:00.213	1
SA3000-GHV-001	965.315716302241	2026-01-13 01:07:00.213	1
SA3000-WI-219	53494.3867530104	2026-01-13 01:07:00.213	1
SA3000-WOB-001	27895.261817664	2026-01-13 01:07:00.213	1
SA3200-GHVD-006	952.650314101544	2026-01-13 01:07:00.213	1
SA3200-GHVS-006	960.295403898981	2026-01-13 01:07:00.213	1
SA330-C1-501A	7021.24705598598	2026-01-13 01:07:00.213	1
SA330-C2-501A	84512.5641713613	2026-01-13 01:07:00.213	1
SA330-C3-501A	21429.4711386468	2026-01-13 01:07:00.213	1
SA330-C6P-501A	72535.7206602237	2026-01-13 01:07:00.213	1
SA330-CEFR-066A	41861.0596099546	2026-01-13 01:07:00.213	1
SA330-CEFR-066B	79522.3330817733	2026-01-13 01:07:00.213	1
SA330-CO2-501A	59376.6526656312	2026-01-13 01:07:00.213	1
SA330-DET-066A	9972.28777923799	2026-01-13 01:07:00.213	1
SA330-DET-066B	74149.3821244428	2026-01-13 01:07:00.213	1
SA330-DNT-066A	30161.6953329271	2026-01-13 01:07:00.213	1
SA330-DNT-066B	79634.9152801343	2026-01-13 01:07:00.213	1
SA330-FR-053A	99553.1571037748	2026-01-13 01:07:00.213	1
SA330-FR-053B	89773.3630624484	2026-01-13 01:07:00.213	1
SA330-FR-062A	27263.2484558834	2026-01-13 01:07:00.213	1
SA330-FR-062R	8165.96281296866	2026-01-13 01:07:00.213	1
SA330-FR-066A	6265.70232474934	2026-01-13 01:07:00.213	1
SA330-FR-066B	30127.35312314	2026-01-13 01:07:00.213	1
SA330-GHV-501A	960.612181071732	2026-01-13 01:07:00.213	1
SA330-IC4-501A	29545.0627529425	2026-01-13 01:07:00.213	1
SA330-IC5-501A	6589.86850686201	2026-01-13 01:07:00.213	1
SA330-N2-501A	59817.3539518981	2026-01-13 01:07:00.213	1
SA330-NC4-501A	53064.3016562294	2026-01-13 01:07:00.213	1
SA330-NC5-501A	60064.83394172	2026-01-13 01:07:00.213	1
SA330-PR-023A	76756.2796361364	2026-01-13 01:07:00.213	1
SA330-PR-053B	21955.8683276704	2026-01-13 01:07:00.213	1
SA330-PR-062A	18865.2228334877	2026-01-13 01:07:00.213	1
SA3305-DET-6301A	92437.808671662	2026-01-13 01:07:00.213	1
SA3305-DET-6301B	72717.756136589	2026-01-13 01:07:00.213	1
SA3305-DNTS6301A	37356.1553078702	2026-01-13 01:07:00.213	1
SA3305-DNTS6301B	49798.9405641644	2026-01-13 01:07:00.213	1
SA3305-EFR-6301A	81263.9675562876	2026-01-13 01:07:00.213	1
SA3305-EFR-6301B	22494.4214176831	2026-01-13 01:07:00.213	1
SA3305-FRS-6301A	76951.4146178371	2026-01-13 01:07:00.213	1
SA3305-FRS-6301B	35085.2293455905	2026-01-13 01:07:00.213	1
SA3309-DET-079A	47252.5816084635	2026-01-13 01:07:00.213	1
SA3309-DET-079B	9447.72834519286	2026-01-13 01:07:00.213	1
SA3309-DNTS079A	88583.1276115731	2026-01-13 01:07:00.213	1
SA3309-DNTS079B	18145.9864427287	2026-01-13 01:07:00.213	1
SA3309-EFR-079A	96287.8800678103	2026-01-13 01:07:00.213	1
SA3309-EFR-079B	75517.6108411388	2026-01-13 01:07:00.213	1
SA3309-FR-079A	52201.3115060022	2026-01-13 01:07:00.213	1
SA3309-FR-079B	55575.5472331182	2026-01-13 01:07:00.213	1
SA3309-FRS-079A	63932.3344843423	2026-01-13 01:07:00.213	1
SA3309-FRS-079B	80184.7627299447	2026-01-13 01:07:00.213	1
SA340-C1-001	10044.0505222836	2026-01-13 01:07:00.213	1
SA340-C2-001	30898.9044273193	2026-01-13 01:07:00.213	1
SA340-C3-001	31038.6177571462	2026-01-13 01:07:00.213	1
SA340-C6-001	3079.39976508654	2026-01-13 01:07:00.213	1
SA340-CO2-001	43573.8891915753	2026-01-13 01:07:00.213	1
SA340-DRY-001	30005.2638395026	2026-01-13 01:07:00.213	1
SA340-HWI-001	64648.0872894409	2026-01-13 01:07:00.213	1
SA340-IC4-001	3373.81730674438	2026-01-13 01:07:00.213	1
SA340-IC5-001	63699.8314263395	2026-01-13 01:07:00.213	1
SA340-N2-001	13758.7305735132	2026-01-13 01:07:00.213	1
SA340-NC4-001	70990.8759211571	2026-01-13 01:07:00.213	1
SA340-NC5-001	75165.8516961938	2026-01-13 01:07:00.213	1
SA340-SAT-001	98817.488901058	2026-01-13 01:07:00.213	1
SA340-SG-001	16040.6427072234	2026-01-13 01:07:00.213	1
SA3501-FG-GHV	957.16524613062	2026-01-13 01:07:00.213	1
SA3501-FG-GHVS	954.377702761553	2026-01-13 01:07:00.213	1
SA3506-SG-C1	65945.0920974631	2026-01-13 01:07:00.213	1
SA3506-SG-C2	82554.587968794	2026-01-13 01:07:00.213	1
SA3506-SG-C3	25242.8206369469	2026-01-13 01:07:00.213	1
SA3506-SG-C6	90475.0410983152	2026-01-13 01:07:00.213	1
SA3506-SG-CO2	80005.4005012355	2026-01-13 01:07:00.213	1
SA3506-SG-GHV	952.526857335076	2026-01-13 01:07:00.213	1
SA3506-SG-GHVS	950.986450406602	2026-01-13 01:07:00.213	1
SA3506-SG-IC4	51501.7575501386	2026-01-13 01:07:00.213	1
SA3506-SG-IC5	55446.8624964211	2026-01-13 01:07:00.213	1
SA3506-SG-N2	57871.1283101246	2026-01-13 01:07:00.213	1
SA3506-SG-NC4	66806.0106374495	2026-01-13 01:07:00.213	1
SA3506-SG-NC5	36239.2820439722	2026-01-13 01:07:00.213	1
SA3506-SG-SG	27145.3939163561	2026-01-13 01:07:00.213	1
SA3600-C1-3601	81613.183296479	2026-01-13 01:07:00.213	1
SA3600-C1-3606	21498.7548233147	2026-01-13 01:07:00.213	1
SA3600-C2-3601	25664.074511586	2026-01-13 01:07:00.213	1
SA3600-C2-3606	1476.07960836538	2026-01-13 01:07:00.213	1
SA3600-C3-3601	95662.8428812395	2026-01-13 01:07:00.213	1
SA3600-C3-3606	91257.0931740644	2026-01-13 01:07:00.213	1
SA3600-C6+-3601	90021.3475842653	2026-01-13 01:07:00.213	1
SA3600-C6+-3606	70286.4758127352	2026-01-13 01:07:00.213	1
SA3600-CO2-3601	65935.3822838921	2026-01-13 01:07:00.213	1
SA3600-CO2-3606	55987.1755730669	2026-01-13 01:07:00.213	1
SA3600-GHVD3601	951.065997137872	2026-01-13 01:07:00.213	1
SA3600-GHVS3601	958.239382031501	2026-01-13 01:07:00.213	1
SA3600-GHVS3606	958.566975277592	2026-01-13 01:07:00.213	1
SA3600-iC4-3601	71361.4771886043	2026-01-13 01:07:00.213	1
SA3600-iC4-3606	47735.0006718362	2026-01-13 01:07:00.213	1
SA3600-iC5-3601	59402.4888878078	2026-01-13 01:07:00.213	1
SA3600-iC5-3606	76135.2587881199	2026-01-13 01:07:00.213	1
SA3600-N2-3601	91757.4609838161	2026-01-13 01:07:00.213	1
SA3600-N2-3606	86300.1748821402	2026-01-13 01:07:00.213	1
SA3600-nC4-3601	4179.87730914208	2026-01-13 01:07:00.213	1
SA3600-nC4-3606	9072.90598428466	2026-01-13 01:07:00.213	1
SA3600-nC5-3601	82299.4624876563	2026-01-13 01:07:00.213	1
SA3600-nC5-3606	24094.7048596193	2026-01-13 01:07:00.213	1
SA3600-SG-3601	76378.3414085961	2026-01-13 01:07:00.213	1
SA3600-SG-3606	97415.9544812829	2026-01-13 01:07:00.213	1
SA3600-WB-3601	4558.19361000541	2026-01-13 01:07:00.213	1
SA3600-WB-3606	2971.63034584687	2026-01-13 01:07:00.213	1
SA3600-WCT-3601	40573.8528519023	2026-01-13 01:07:00.213	1
SA400-C1-003	78321.4626778008	2026-01-13 01:07:00.213	1
SA400-C1-101	48469.3073372269	2026-01-13 01:07:00.213	1
SA400-C1-102	1991.4813651375	2026-01-13 01:07:00.213	1
SA400-C2-003	28924.3920716549	2026-01-13 01:07:00.213	1
SA400-C2-101	709.139179866848	2026-01-13 01:07:00.213	1
SA400-C2-102	86241.197644034	2026-01-13 01:07:00.213	1
SA400-C3-003	43736.9965832062	2026-01-13 01:07:00.213	1
SA400-C3-101	1418.96927103892	2026-01-13 01:07:00.213	1
SA400-C3-102	68330.3817527365	2026-01-13 01:07:00.213	1
SA400-C6P-003	55202.9753472333	2026-01-13 01:07:00.213	1
SA400-C6P-101	75470.1281897053	2026-01-13 01:07:00.213	1
SA400-C6P-102	73340.8270058258	2026-01-13 01:07:00.213	1
SA400-CO2-003	51724.6457926295	2026-01-13 01:07:00.213	1
SA400-CO2-101	59702.3466369012	2026-01-13 01:07:00.213	1
SA400-CO2-102	89439.0158787357	2026-01-13 01:07:00.213	1
SA400-GHD-003	48475.6558985628	2026-01-13 01:07:00.213	1
SA400-GS-101	34735.7514921137	2026-01-13 01:07:00.213	1
SA400-GS-102	57572.2894079626	2026-01-13 01:07:00.213	1
SA400-HWI-001	14324.3039928005	2026-01-13 01:07:00.213	1
SA400-HWI-002	66975.1973603788	2026-01-13 01:07:00.213	1
SA400-HWI-101	8138.26687200136	2026-01-13 01:07:00.213	1
SA400-IC4-003	26125.6625622162	2026-01-13 01:07:00.213	1
SA400-IC4-101	47674.1153603871	2026-01-13 01:07:00.213	1
SA400-IC4-102	57546.9306883705	2026-01-13 01:07:00.213	1
SA400-IC5-003	23819.6419540683	2026-01-13 01:07:00.213	1
SA400-IC5-101	83279.382184381	2026-01-13 01:07:00.213	1
SA400-IC5-102	27274.7132655097	2026-01-13 01:07:00.213	1
SA400-N2-003	53374.1631054992	2026-01-13 01:07:00.213	1
SA400-N2-101	8551.28097056929	2026-01-13 01:07:00.213	1
SA400-N2-102	88550.7567960848	2026-01-13 01:07:00.213	1
SA400-NC4-003	57032.0393324699	2026-01-13 01:07:00.213	1
SA400-NC4-101	47016.1608162832	2026-01-13 01:07:00.213	1
SA400-NC4-102	77188.4191695224	2026-01-13 01:07:00.213	1
SA400-NC5-003	47899.8749503479	2026-01-13 01:07:00.213	1
SA400-NC5-101	29140.0664514858	2026-01-13 01:07:00.213	1
SA400-NC5-102	73600.6800861996	2026-01-13 01:07:00.213	1
SA400-SG-003	79414.4983210923	2026-01-13 01:07:00.213	1
SA400-SG-101	57422.3812513735	2026-01-13 01:07:00.213	1
SA400-SG-102	90482.9028576065	2026-01-13 01:07:00.213	1
SA400-WI-003	89907.1985550058	2026-01-13 01:07:00.213	1
SA4000-C1-141	143.255099402496	2026-01-13 01:07:00.213	1
SA4000-C1-142	44570.5862783445	2026-01-13 01:07:00.213	1
SA4000-C1-143	34851.2906579431	2026-01-13 01:07:00.213	1
SA4000-C1-4302	10332.2950056958	2026-01-13 01:07:00.213	1
SA4000-C2-141	92810.8599896482	2026-01-13 01:07:00.213	1
SA4000-C2-142	84766.6512040043	2026-01-13 01:07:00.213	1
SA4000-C2-143	66042.6751560973	2026-01-13 01:07:00.213	1
SA4000-C2-4302	30158.3308270857	2026-01-13 01:07:00.213	1
SA4000-C3-141	94149.1981205234	2026-01-13 01:07:00.213	1
SA4000-C3-142	70319.3981686674	2026-01-13 01:07:00.213	1
SA4000-C3-143	11882.2721756079	2026-01-13 01:07:00.213	1
SA4000-C3-4302	45568.5808456576	2026-01-13 01:07:00.213	1
SA4000-C6-141	15404.0632015729	2026-01-13 01:07:00.213	1
SA4000-C6-142	58985.6322936305	2026-01-13 01:07:00.213	1
SA4000-C6-143	63300.94137011	2026-01-13 01:07:00.213	1
SA4000-C6-4302	12345.3866103233	2026-01-13 01:07:00.213	1
SA4000-CO2-141	40737.5664463504	2026-01-13 01:07:00.213	1
SA4000-CO2-142	38254.9097148057	2026-01-13 01:07:00.213	1
SA4000-CO2-143	36389.7101902684	2026-01-13 01:07:00.213	1
SA4000-CO2-4302	30479.770089418	2026-01-13 01:07:00.213	1
SA4000-DET-141A	73047.3326988175	2026-01-13 01:07:00.213	1
SA4000-DET-142A	96666.6992131191	2026-01-13 01:07:00.213	1
SA4000-DET-143A	48514.6856421668	2026-01-13 01:07:00.213	1
SA4000-DET-4311	86035.4203988359	2026-01-13 01:07:00.213	1
SA4000-DET-4321	59474.5045294319	2026-01-13 01:07:00.213	1
SA4000-DET-4331	21367.5529644007	2026-01-13 01:07:00.213	1
SA4000-DET-4341	41533.1189616039	2026-01-13 01:07:00.213	1
SA4000-DNTS-141A	61352.5631822311	2026-01-13 01:07:00.213	1
SA4000-DNTS-142A	90250.6541944786	2026-01-13 01:07:00.213	1
SA4000-DNTS-143A	35388.2078440219	2026-01-13 01:07:00.213	1
SA4000-DNTS-4311	30750.5362136855	2026-01-13 01:07:00.213	1
SA4000-DNTS-4321	83336.5715684324	2026-01-13 01:07:00.213	1
SA4000-DNTS-4331	81485.402771514	2026-01-13 01:07:00.213	1
SA4000-DNTS-4341	95643.930227693	2026-01-13 01:07:00.213	1
SA4000-EFR-141A	87120.6063183255	2026-01-13 01:07:00.213	1
SA4000-EFR-142A	62378.0022528483	2026-01-13 01:07:00.213	1
SA4000-EFR-143A	20467.4072436716	2026-01-13 01:07:00.213	1
SA4000-EFR-4311	34784.8189472592	2026-01-13 01:07:00.213	1
SA4000-EFR-4321	38245.6812347959	2026-01-13 01:07:00.213	1
SA4000-EFR-4331	96166.6486093462	2026-01-13 01:07:00.213	1
SA4000-EFR-4341	91696.5082755702	2026-01-13 01:07:00.213	1
SA4000-FRS-141A	40748.1623746497	2026-01-13 01:07:00.213	1
SA4000-FRS-142A	57536.1076459369	2026-01-13 01:07:00.213	1
SA4000-FRS-143A	17846.8727654046	2026-01-13 01:07:00.213	1
SA4000-FRS-4311	31750.8899742355	2026-01-13 01:07:00.213	1
SA4000-FRS-4321	15406.4974507	2026-01-13 01:07:00.213	1
SA4000-FRS-4331	32034.769865078	2026-01-13 01:07:00.213	1
SA4000-FRS-4341	24959.2303842981	2026-01-13 01:07:00.213	1
SA4000-HGD-4302	94089.1960908658	2026-01-13 01:07:00.213	1
SA4000-HGS-141	82441.4272881574	2026-01-13 01:07:00.213	1
SA4000-HGS-142	74117.9065025671	2026-01-13 01:07:00.213	1
SA4000-HGS-143	15351.6094774491	2026-01-13 01:07:00.213	1
SA4000-HGS-4302	98480.7030136797	2026-01-13 01:07:00.213	1
SA4000-IC4-141	8893.61011717887	2026-01-13 01:07:00.213	1
SA4000-IC4-142	45111.3156157986	2026-01-13 01:07:00.213	1
SA4000-IC4-143	93383.4911583894	2026-01-13 01:07:00.213	1
SA4000-IC4-4302	6454.76394542631	2026-01-13 01:07:00.213	1
SA4000-IC5-141	666.534021689833	2026-01-13 01:07:00.213	1
SA4000-IC5-142	80065.7381201516	2026-01-13 01:07:00.213	1
SA4000-IC5-143	99246.2868097532	2026-01-13 01:07:00.213	1
SA4000-IC5-4302	5267.59300232686	2026-01-13 01:07:00.213	1
SA4000-N2-141	63626.6037381579	2026-01-13 01:07:00.213	1
SA4000-N2-142	497.815160922487	2026-01-13 01:07:00.213	1
SA4000-N2-143	86322.2269994	2026-01-13 01:07:00.213	1
SA4000-N2-4302	3304.96176143583	2026-01-13 01:07:00.213	1
SA4000-NC4-141	25573.9052348985	2026-01-13 01:07:00.213	1
SA4000-NC4-142	82805.6407671447	2026-01-13 01:07:00.213	1
SA4000-NC4-143	96274.709887891	2026-01-13 01:07:00.213	1
SA4000-NC4-4302	12500.9816500233	2026-01-13 01:07:00.213	1
SA4000-NC5-141	93451.2078392101	2026-01-13 01:07:00.213	1
SA4000-NC5-142	33117.4248630153	2026-01-13 01:07:00.213	1
SA4000-NC5-143	30952.2266001166	2026-01-13 01:07:00.213	1
SA4000-NC5-4302	78042.6393605773	2026-01-13 01:07:00.213	1
SA4000-SG-141	24991.7833455028	2026-01-13 01:07:00.213	1
SA4000-SG-142	89414.2124973296	2026-01-13 01:07:00.213	1
SA4000-SG-143	89155.4293925529	2026-01-13 01:07:00.213	1
SA4000-SG-4302	9524.28921189069	2026-01-13 01:07:00.213	1
SA4000-WOB-141	75475.8994331957	2026-01-13 01:07:00.213	1
SA4000-WOB-142	48287.9420613499	2026-01-13 01:07:00.213	1
SA4000-WOB-143	25415.4906979629	2026-01-13 01:07:00.213	1
SA4000-WOB-4302	16900.4542952081	2026-01-13 01:07:00.213	1
SA4012-C1-001	17414.230546176	2026-01-13 01:07:00.213	1
SA4012-C2-001	74576.829288141	2026-01-13 01:07:00.213	1
SA4012-C3-001	38808.6135434558	2026-01-13 01:07:00.213	1
SA4012-C6P-001	62781.0798664314	2026-01-13 01:07:00.213	1
SA4012-CO2-001	42998.2025666767	2026-01-13 01:07:00.213	1
SA4012-HVD-001	968.46446436866	2026-01-13 01:07:00.213	1
SA4012-HVS-001	953.374423709472	2026-01-13 01:07:00.213	1
SA4012-IC4-001	3722.64679417518	2026-01-13 01:07:00.213	1
SA4012-IC5-001	46516.7841012007	2026-01-13 01:07:00.213	1
SA4012-N2-001	58715.2681271506	2026-01-13 01:07:00.213	1
SA4012-NC4-001	97887.6254265491	2026-01-13 01:07:00.213	1
SA4012-NC5-001	13346.7541774234	2026-01-13 01:07:00.213	1
SA4012-SG-001	50653.0858288798	2026-01-13 01:07:00.213	1
SA4012-TR-001A	5191.20567051792	2026-01-13 01:07:00.213	1
SA4012-TR-001B	52641.8261930851	2026-01-13 01:07:00.213	1
SA4012-TR-001C	24071.0793325131	2026-01-13 01:07:00.213	1
SA4012-WOB-001	94599.6768864857	2026-01-13 01:07:00.213	1
SA402-CEFR-020A	1654.48650408772	2026-01-13 01:07:00.213	1
SA402-CEFR-020B	73918.0636711656	2026-01-13 01:07:00.213	1
SA402-DET-020A	81659.1060166922	2026-01-13 01:07:00.213	1
SA402-DET-020B	17820.465776227	2026-01-13 01:07:00.213	1
SA402-DNT-020A	93305.9572243173	2026-01-13 01:07:00.213	1
SA402-DNT-020B	84161.3409311743	2026-01-13 01:07:00.213	1
SA402-FR-020	74709.6354952512	2026-01-13 01:07:00.213	1
SA402-FR-020A	37807.3402107827	2026-01-13 01:07:00.213	1
SA402-FR-020B	26683.5187798233	2026-01-13 01:07:00.213	1
SA403-C1-001	48249.3260159931	2026-01-13 01:07:00.213	1
SA403-C2-001	73983.748821793	2026-01-13 01:07:00.213	1
SA403-C3-001	37891.1791677879	2026-01-13 01:07:00.213	1
SA403-C6P-001	91402.2391274132	2026-01-13 01:07:00.213	1
SA403-CO2-001	52268.7744000215	2026-01-13 01:07:00.213	1
SA403-DET-001A	93535.1936524468	2026-01-13 01:07:00.213	1
SA403-DET-001B	53301.6438100827	2026-01-13 01:07:00.213	1
SA403-DET-001C	14892.5044515584	2026-01-13 01:07:00.213	1
SA403-DET-001D	81454.5860082865	2026-01-13 01:07:00.213	1
SA403-DNTS-001A	25532.1315494426	2026-01-13 01:07:00.213	1
SA403-DNTS-001B	95111.3530209653	2026-01-13 01:07:00.213	1
SA403-DNTS-001C	57904.9360883885	2026-01-13 01:07:00.213	1
SA403-DNTS-001D	85787.2055771692	2026-01-13 01:07:00.213	1
SA403-EFR-001A	93945.3149235524	2026-01-13 01:07:00.213	1
SA403-EFR-001B	93433.8919345717	2026-01-13 01:07:00.213	1
SA403-EFR-001C	8056.04043710116	2026-01-13 01:07:00.213	1
SA403-EFR-001D	30819.2114126435	2026-01-13 01:07:00.213	1
SA403-FR-001	47105.1517737817	2026-01-13 01:07:00.213	1
SA403-FRS-001A	35240.4367159887	2026-01-13 01:07:00.213	1
SA403-FRS-001B	29271.166177001	2026-01-13 01:07:00.213	1
SA403-FRS-001C	11499.9325559472	2026-01-13 01:07:00.213	1
SA403-FRS-001D	15062.3621079899	2026-01-13 01:07:00.213	1
SA403-GHV-001	953.919665612946	2026-01-13 01:07:00.213	1
SA403-IC4-001	60610.3386858227	2026-01-13 01:07:00.213	1
SA403-IC5-001	86387.7798530307	2026-01-13 01:07:00.213	1
SA403-N2-001	33845.7440325229	2026-01-13 01:07:00.213	1
SA403-NC4-001	76327.2609505628	2026-01-13 01:07:00.213	1
SA403-NC5-001	31074.1786473523	2026-01-13 01:07:00.213	1
SA403-SG-001	58312.0534805978	2026-01-13 01:07:00.213	1
SA403-WOB-001	58421.370430514	2026-01-13 01:07:00.213	1
SA4101-DET-0910A	32778.052284856	2026-01-13 01:07:00.213	1
SA4101-DET-0910B	80755.4455504393	2026-01-13 01:07:00.213	1
SA4101-DET-0930A	81549.6788158413	2026-01-13 01:07:00.213	1
SA4101-DET-0930B	8077.19893662385	2026-01-13 01:07:00.213	1
SA4101-DNTS0910A	20779.4452355357	2026-01-13 01:07:00.213	1
SA4101-DNTS0910B	21015.1111935456	2026-01-13 01:07:00.213	1
SA4101-DNTS0930A	42010.9181546975	2026-01-13 01:07:00.213	1
SA4101-DNTS0930B	46066.8989906104	2026-01-13 01:07:00.213	1
SA4101-EFR-0910A	94806.7955329898	2026-01-13 01:07:00.213	1
SA4101-EFR-0910B	30309.9626211417	2026-01-13 01:07:00.213	1
SA4101-EFR-0930A	92742.8564392278	2026-01-13 01:07:00.213	1
SA4101-EFR-0930B	13780.7031475286	2026-01-13 01:07:00.213	1
SA4101-FRS-0910A	69366.2545388846	2026-01-13 01:07:00.213	1
SA4101-FRS-0910B	82297.6992035721	2026-01-13 01:07:00.213	1
SA4101-FRS-0930A	85178.3805247454	2026-01-13 01:07:00.213	1
SA4101-FRS-0930B	73941.9644127091	2026-01-13 01:07:00.213	1
SA4103-DET-0322A	91100.2969415756	2026-01-13 01:07:00.213	1
SA4103-DET-0322B	27289.4442845995	2026-01-13 01:07:00.213	1
SA4103-DET-0322C	95140.4084854524	2026-01-13 01:07:00.213	1
SA4103-DET-0322D	19476.4062687176	2026-01-13 01:07:00.213	1
SA4103-DET0405A	43652.0904511305	2026-01-13 01:07:00.213	1
SA4103-DET0405B	16577.4090745411	2026-01-13 01:07:00.213	1
SA4103-DNTS0322A	37402.3519472137	2026-01-13 01:07:00.213	1
SA4103-DNTS0322B	21512.8285420919	2026-01-13 01:07:00.213	1
SA4103-DNTS0322C	93266.5064960329	2026-01-13 01:07:00.213	1
SA4103-DNTS0322D	90822.6561056539	2026-01-13 01:07:00.213	1
SA4103-EFR-0322A	30609.3823280555	2026-01-13 01:07:00.213	1
SA4103-EFR-0322B	97503.3212128353	2026-01-13 01:07:00.213	1
SA4103-EFR-0322C	7719.43229914014	2026-01-13 01:07:00.213	1
SA4103-EFR-0322D	13700.9170268745	2026-01-13 01:07:00.213	1
SA4103-EFR0405A	79611.1266082708	2026-01-13 01:07:00.213	1
SA4103-EFR0405B	11232.4191058224	2026-01-13 01:07:00.213	1
SA4103-FRS-0322A	5044.39149740996	2026-01-13 01:07:00.213	1
SA4103-FRS-0322B	72801.197461779	2026-01-13 01:07:00.213	1
SA4103-FRS-0322C	27849.1279901329	2026-01-13 01:07:00.213	1
SA4103-FRS-0322D	34747.9094800614	2026-01-13 01:07:00.213	1
SA4103-FRS0405A	2633.15295671405	2026-01-13 01:07:00.213	1
SA4103-FRS0405B	100000.971590114	2026-01-13 01:07:00.213	1
SA4103DNTS0405A	97326.9518868686	2026-01-13 01:07:00.213	1
SA4103DNTS0405B	97210.5032022644	2026-01-13 01:07:00.213	1
SA4200-PIC-419	59780.2166533677	2026-01-13 01:07:00.213	1
SA4200-PIC-473	939.811625762046	2026-01-13 01:07:00.213	1
SA440-C1-002	98573.9721642497	2026-01-13 01:07:00.213	1
SA440-C2-002	59829.1023931916	2026-01-13 01:07:00.213	1
SA440-C3-002	14213.3742533075	2026-01-13 01:07:00.213	1
SA440-C6P-002	82831.8570539789	2026-01-13 01:07:00.213	1
SA440-CO2-002	4925.9226586393	2026-01-13 01:07:00.213	1
SA440-DET-004A	49515.8259194626	2026-01-13 01:07:00.213	1
SA440-DET-004B	78542.2091201553	2026-01-13 01:07:00.213	1
SA440-DET-005A	61337.0267481636	2026-01-13 01:07:00.213	1
SA440-DET-005B	65989.2399928934	2026-01-13 01:07:00.213	1
SA440-DET-005C	30462.1832909325	2026-01-13 01:07:00.213	1
SA440-DET-015A	69002.2287455553	2026-01-13 01:07:00.213	1
SA440-DET-015B	70004.9946324903	2026-01-13 01:07:00.213	1
SA440-DNTS-004A	52925.1382038461	2026-01-13 01:07:00.213	1
SA440-DNTS-004B	90935.5624108811	2026-01-13 01:07:00.213	1
SA440-DNTS-005A	84737.0168346486	2026-01-13 01:07:00.213	1
SA440-DNTS-005B	84663.3007546916	2026-01-13 01:07:00.213	1
SA440-DNTS-005C	71178.6338678525	2026-01-13 01:07:00.213	1
SA440-DNTS-015A	45962.1167044165	2026-01-13 01:07:00.213	1
SA440-DNTS-015B	32187.1418093483	2026-01-13 01:07:00.213	1
SA440-EFR-004A	62599.2860571975	2026-01-13 01:07:00.213	1
SA440-EFR-004B	80625.1964134058	2026-01-13 01:07:00.213	1
SA440-EFR-005A	84104.2862835396	2026-01-13 01:07:00.213	1
SA440-EFR-005B	48794.1362075018	2026-01-13 01:07:00.213	1
SA440-EFR-005C	18223.8455880888	2026-01-13 01:07:00.213	1
SA440-EFR-015A	24367.6528201862	2026-01-13 01:07:00.213	1
SA440-EFR-015B	59776.1191442777	2026-01-13 01:07:00.213	1
SA440-FRS-004A	57864.5737911615	2026-01-13 01:07:00.213	1
SA440-FRS-004B	98922.3683288449	2026-01-13 01:07:00.213	1
SA440-FRS-005A	2229.57064330039	2026-01-13 01:07:00.213	1
SA440-FRS-005B	20352.6027721604	2026-01-13 01:07:00.213	1
SA440-FRS-005C	86568.1876003335	2026-01-13 01:07:00.213	1
SA440-FRS-015A	84270.384151012	2026-01-13 01:07:00.213	1
SA440-FRS-015B	32840.0175522453	2026-01-13 01:07:00.213	1
SA440-HV-002	951.462506039815	2026-01-13 01:07:00.213	1
SA440-IC4-002	16549.6857831269	2026-01-13 01:07:00.213	1
SA440-IC5-002	61640.3195612546	2026-01-13 01:07:00.213	1
SA440-N2-002	99211.2727696365	2026-01-13 01:07:00.213	1
SA440-NC4-002	7348.6131752714	2026-01-13 01:07:00.213	1
SA440-SGR-002	49175.7255508643	2026-01-13 01:07:00.213	1
SA440-TR-005A	57207.6153956145	2026-01-13 01:07:00.213	1
SA440-TR-005B	78837.7590544269	2026-01-13 01:07:00.213	1
SA440-TR-005C	77797.5494959002	2026-01-13 01:07:00.213	1
SA445-C1-001	96279.1168551566	2026-01-13 01:07:00.213	1
SA445-C2-001	47136.608868329	2026-01-13 01:07:00.213	1
SA445-C3-001	18805.9372130995	2026-01-13 01:07:00.213	1
SA445-C6P-001	11160.3190231386	2026-01-13 01:07:00.213	1
SA445-CO2-001	16040.7531975778	2026-01-13 01:07:00.213	1
SA445-IC4-001	48415.8164808908	2026-01-13 01:07:00.213	1
SA445-IC5-001	2428.52660039825	2026-01-13 01:07:00.213	1
SA445-N2-001	2175.11183717911	2026-01-13 01:07:00.213	1
SA445-NC4-001	48855.9801830368	2026-01-13 01:07:00.213	1
SA445-NC5-001	38611.082578526	2026-01-13 01:07:00.213	1
SA445-SG-001	97260.1131194872	2026-01-13 01:07:00.213	1
SA445-WI-001	59776.0286631147	2026-01-13 01:07:00.213	1
SA4450-C1-702	42149.2850949414	2026-01-13 01:07:00.213	1
SA4450-C2-702	47211.7200757076	2026-01-13 01:07:00.213	1
SA4450-C3-702	83515.8598531248	2026-01-13 01:07:00.213	1
SA4450-C6-702	71635.1067418529	2026-01-13 01:07:00.213	1
SA4450-CO2-702	70759.1057318166	2026-01-13 01:07:00.213	1
SA4450-DNTS-710A	35314.7413798005	2026-01-13 01:07:00.213	1
SA4450-DNTS-710B	43493.149289809	2026-01-13 01:07:00.213	1
SA4450-DNTS-745A	23598.9001894464	2026-01-13 01:07:00.213	1
SA4450-DNTS-745B	45767.549753653	2026-01-13 01:07:00.213	1
SA4450-EFR-710A	42325.7518983595	2026-01-13 01:07:00.213	1
SA4450-EFR-710B	27426.1481996972	2026-01-13 01:07:00.213	1
SA4450-EFR-745A	91764.1322802793	2026-01-13 01:07:00.213	1
SA4450-EFR-745B	28574.4149084316	2026-01-13 01:07:00.213	1
SA4450-ENTR-710A	71381.2364509233	2026-01-13 01:07:00.213	1
SA4450-ENTR-710B	83215.7571248163	2026-01-13 01:07:00.213	1
SA4450-ENTR-745A	91075.6282182788	2026-01-13 01:07:00.213	1
SA4450-ENTR-745B	69216.9287184772	2026-01-13 01:07:00.213	1
SA4450-FQI-710	60739.4696515546	2026-01-13 01:07:00.213	1
SA4450-FQI-711	66425.2869538519	2026-01-13 01:07:00.213	1
SA4450-FQI-712	27841.3074498056	2026-01-13 01:07:00.213	1
SA4450-FQI-713	69670.8277461537	2026-01-13 01:07:00.213	1
SA4450-FQI-745	87765.7843808646	2026-01-13 01:07:00.213	1
SA4450-FQI-746	22867.5227151791	2026-01-13 01:07:00.213	1
SA4450-FRS-710A	61647.3082239225	2026-01-13 01:07:00.213	1
SA4450-FRS-710B	23089.7434356941	2026-01-13 01:07:00.213	1
SA4450-FRS-745A	91993.1588048087	2026-01-13 01:07:00.213	1
SA4450-FRS-745B	90377.4614245428	2026-01-13 01:07:00.213	1
SA4450-HGD-702	4507.62881215244	2026-01-13 01:07:00.213	1
SA4450-HGS-702	13052.4310390382	2026-01-13 01:07:00.213	1
SA4450-IC4-702	60721.6384899439	2026-01-13 01:07:00.213	1
SA4450-IC5-702	63503.9748868884	2026-01-13 01:07:00.213	1
SA4450-N2-702	58716.0099635629	2026-01-13 01:07:00.213	1
SA4450-NC4-702	90401.4607160526	2026-01-13 01:07:00.213	1
SA4450-NC5-702	22235.6819375406	2026-01-13 01:07:00.213	1
SA4450-PIA-701	5408.19173995879	2026-01-13 01:07:00.213	1
SA4450-PIA-714	74843.0501073006	2026-01-13 01:07:00.213	1
SA4450-PIA-715	43747.1491271428	2026-01-13 01:07:00.213	1
SA4450-PIA-737	63856.2210042666	2026-01-13 01:07:00.213	1
SA4450-PIA-739	9098.12711333061	2026-01-13 01:07:00.213	1
SA4450-SG-702	86721.5904399061	2026-01-13 01:07:00.213	1
SA4450-TI-710B	45294.3947724095	2026-01-13 01:07:00.213	1
SA4450-TI-712A	63589.8333021041	2026-01-13 01:07:00.213	1
SA4450-TI-712B	6314.43451330459	2026-01-13 01:07:00.213	1
SA4450-WOB-702	57964.6987396507	2026-01-13 01:07:00.213	1
SA4450ADTR712A	87487.617500395	2026-01-13 01:07:00.213	1
SA4450ADTR712B	94901.6894512418	2026-01-13 01:07:00.213	1
SA4450ENTR712A	17309.0706938426	2026-01-13 01:07:00.213	1
SA4450ENTR712B	65485.8499376407	2026-01-13 01:07:00.213	1
SA4450SFRR712A	39155.5036408043	2026-01-13 01:07:00.213	1
SA4450SFRR712B	57127.0258007341	2026-01-13 01:07:00.213	1
SA4457-C1-001	67709.0102466929	2026-01-13 01:07:00.213	1
SA4457-C2-001	63394.170357126	2026-01-13 01:07:00.213	1
SA4457-C3-001	8793.90554983044	2026-01-13 01:07:00.213	1
SA4457-C6P-001	71884.6958310315	2026-01-13 01:07:00.213	1
SA4457-CO2-001	45022.1334202548	2026-01-13 01:07:00.213	1
SA4457-DET-0101A	59901.9879734117	2026-01-13 01:07:00.213	1
SA4457-DET-0101B	48911.2192144694	2026-01-13 01:07:00.213	1
SA4457-DNTS0101A	43667.4562765644	2026-01-13 01:07:00.213	1
SA4457-DNTS0101B	43089.2856240066	2026-01-13 01:07:00.213	1
SA4457-EFR-0101A	73645.7728366736	2026-01-13 01:07:00.213	1
SA4457-EFR-0101B	14946.6526186697	2026-01-13 01:07:00.213	1
SA4457-FRS-0101A	5320.27213370175	2026-01-13 01:07:00.213	1
SA4457-FRS-0101B	28868.9572840673	2026-01-13 01:07:00.213	1
SA4457-HGS-001	17900.2235096658	2026-01-13 01:07:00.213	1
SA4457-IC4-001	36014.5754353963	2026-01-13 01:07:00.213	1
SA4457-IC5-001	71912.8953591311	2026-01-13 01:07:00.213	1
SA4457-N2-001	1163.54816347947	2026-01-13 01:07:00.213	1
SA4457-NC4-001	35868.455953699	2026-01-13 01:07:00.213	1
SA4457-NC5-001	42197.3345496157	2026-01-13 01:07:00.213	1
SA4457-SG-001	84194.6231433464	2026-01-13 01:07:00.213	1
SA4457-WOB-001	38393.5065093184	2026-01-13 01:07:00.213	1
SA4470-C1-003	97859.3201185885	2026-01-13 01:07:00.213	1
SA4470-C2-003	80979.3015770291	2026-01-13 01:07:00.213	1
SA4470-C3-003	3622.70582805596	2026-01-13 01:07:00.213	1
SA4470-C6P-003	38763.5521286471	2026-01-13 01:07:00.213	1
SA4470-CO2-003	79510.7850782051	2026-01-13 01:07:00.213	1
SA4470-GHS-003	93288.9779674647	2026-01-13 01:07:00.213	1
SA4470-IC4-003	43970.7030957203	2026-01-13 01:07:00.213	1
SA4470-IC5-003	92815.4510453099	2026-01-13 01:07:00.213	1
SA4470-N2-003	56427.8960996948	2026-01-13 01:07:00.213	1
SA4470-NC4-003	82119.8534273623	2026-01-13 01:07:00.213	1
SA4470-NC5-003	39817.1233916487	2026-01-13 01:07:00.213	1
SA4470-SG-003	58940.0883247067	2026-01-13 01:07:00.213	1
SA4470-WI-003	44848.5723730425	2026-01-13 01:07:00.213	1
SA4471-DET-0207A	58454.0442283266	2026-01-13 01:07:00.213	1
SA4471-DET-0207B	25241.7574031572	2026-01-13 01:07:00.213	1
SA4471-DNTS0207A	41911.8264585903	2026-01-13 01:07:00.213	1
SA4471-DNTS0207B	92754.748198187	2026-01-13 01:07:00.213	1
SA4471-EFR-0207A	83954.5104931756	2026-01-13 01:07:00.213	1
SA4471-EFR-0207B	84960.8553231352	2026-01-13 01:07:00.213	1
SA4471-FRS-0207A	8795.00137087339	2026-01-13 01:07:00.213	1
SA4471-FRS-0207B	27591.9981404832	2026-01-13 01:07:00.213	1
SA4472-DET-0101A	10837.7118680358	2026-01-13 01:07:00.213	1
SA4472-DET-0101B	25276.4714405341	2026-01-13 01:07:00.213	1
SA4472-DET-0206A	1445.51848909304	2026-01-13 01:07:00.213	1
SA4472-DET-0206B	65545.3481303091	2026-01-13 01:07:00.213	1
SA4472-DET-0206C	65877.1504136747	2026-01-13 01:07:00.213	1
SA4472-DET-0206D	40402.7137149639	2026-01-13 01:07:00.213	1
SA4472-DNTS0101A	33763.6133034997	2026-01-13 01:07:00.213	1
SA4472-DNTS0101B	21158.3777220719	2026-01-13 01:07:00.213	1
SA4472-DNTS0206A	70245.9559497458	2026-01-13 01:07:00.213	1
SA4472-DNTS0206B	24887.6010133493	2026-01-13 01:07:00.213	1
SA4472-DNTS0206C	22939.9098630834	2026-01-13 01:07:00.213	1
SA4472-DNTS0206D	39064.4593296114	2026-01-13 01:07:00.213	1
SA4472-EFR-0101A	98728.2199705258	2026-01-13 01:07:00.213	1
SA4472-EFR-0101B	73476.9111742286	2026-01-13 01:07:00.213	1
SA4472-EFR-0206A	43313.0785020334	2026-01-13 01:07:00.213	1
SA4472-EFR-0206B	59472.4824510702	2026-01-13 01:07:00.213	1
SA4472-EFR-0206C	15525.3971693273	2026-01-13 01:07:00.213	1
SA4472-EFR-0206D	49985.9723128625	2026-01-13 01:07:00.213	1
SA4472-FRS-0101A	45950.5338022707	2026-01-13 01:07:00.213	1
SA4472-FRS-0101B	32238.4113145043	2026-01-13 01:07:00.213	1
SA4472-FRS-0206A	26407.2894158987	2026-01-13 01:07:00.213	1
SA4472-FRS-0206B	78378.0204444719	2026-01-13 01:07:00.213	1
SA4472-FRS-0206C	16945.3364531939	2026-01-13 01:07:00.213	1
SA4472-FRS-0206D	16409.7624929686	2026-01-13 01:07:00.213	1
SA4473-DET0108A	68289.9122589038	2026-01-13 01:07:00.213	1
SA4473-DET0108B	2563.1878268332	2026-01-13 01:07:00.213	1
SA4473-EFR0108A	70056.1072427395	2026-01-13 01:07:00.213	1
SA4473-EFR0108B	75049.5504237197	2026-01-13 01:07:00.213	1
SA4473-FRS0108A	71947.3673785148	2026-01-13 01:07:00.213	1
SA4473-FRS0108B	56115.9379369478	2026-01-13 01:07:00.213	1
SA4473DNTS0108A	70104.1544890136	2026-01-13 01:07:00.213	1
SA4473DNTS0108B	83665.8731363973	2026-01-13 01:07:00.213	1
SA4500-C1-801	61324.4090163099	2026-01-13 01:07:00.213	1
SA4500-C2-801	13326.8280026415	2026-01-13 01:07:00.213	1
SA4500-C3-801	39869.6744096804	2026-01-13 01:07:00.213	1
SA4500-C6-801	82876.7888454078	2026-01-13 01:07:00.213	1
SA4500-CO2-801	100082.171377601	2026-01-13 01:07:00.213	1
SA4500-DET-810A	52709.360472694	2026-01-13 01:07:00.213	1
SA4500-DET-810B	77294.4566229517	2026-01-13 01:07:00.213	1
SA4500-DET-810C	61994.5365910161	2026-01-13 01:07:00.213	1
SA4500-DNTS-810A	51829.8344923212	2026-01-13 01:07:00.213	1
SA4500-DNTS-810B	87440.7718476924	2026-01-13 01:07:00.213	1
SA4500-DNTS-810C	39331.2589335818	2026-01-13 01:07:00.213	1
SA4500-EFR-810A	64622.0094540399	2026-01-13 01:07:00.213	1
SA4500-EFR-810B	27837.8154057626	2026-01-13 01:07:00.213	1
SA4500-EFR-810C	45707.0301970102	2026-01-13 01:07:00.213	1
SA4500-FRS-810A	27110.0442139568	2026-01-13 01:07:00.213	1
SA4500-FRS-810B	30476.5580516703	2026-01-13 01:07:00.213	1
SA4500-FRS-810C	26605.9546767754	2026-01-13 01:07:00.213	1
SA4500-HGD-801	15987.5459393308	2026-01-13 01:07:00.213	1
SA4500-HGS-801	81764.4973696216	2026-01-13 01:07:00.213	1
SA4500-IC4-801	67868.8210805409	2026-01-13 01:07:00.213	1
SA4500-IC5-801	78609.2307011017	2026-01-13 01:07:00.213	1
SA4500-N2-801	62374.0199474586	2026-01-13 01:07:00.213	1
SA4500-NC4-801	43826.7971386921	2026-01-13 01:07:00.213	1
SA4500-NC5-801	60370.9965708451	2026-01-13 01:07:00.213	1
SA4500-PI-801	11573.2799955654	2026-01-13 01:07:00.213	1
SA4500-PI-805	51394.6138625293	2026-01-13 01:07:00.213	1
SA4500-SG-801	53720.6945518852	2026-01-13 01:07:00.213	1
SA4500-WOB-801	64076.2464585132	2026-01-13 01:07:00.213	1
SA465-FR-001A	25221.477242822	2026-01-13 01:07:00.213	1
SA465-FR-001B	45471.5877469132	2026-01-13 01:07:00.213	1
SA465-FR-001C	1658.72493907211	2026-01-13 01:07:00.213	1
SA465-FR-001D	4529.85696215548	2026-01-13 01:07:00.213	1
SA4800-FI-013	78812.2621749978	2026-01-13 01:07:00.213	1
SA4900-C1-001	49290.9610195489	2026-01-13 01:07:00.213	1
SA4900-C2-001	72196.2807912815	2026-01-13 01:07:00.213	1
SA4900-C3-001	42796.0115679671	2026-01-13 01:07:00.213	1
SA4900-C6-001	94698.2382506352	2026-01-13 01:07:00.213	1
SA4900-CO2-001	93296.9888913408	2026-01-13 01:07:00.213	1
SA4900-GCV-001	71633.9912511685	2026-01-13 01:07:00.213	1
SA4900-IC4-001	3227.76176771865	2026-01-13 01:07:00.213	1
SA4900-IC5-001	68809.3780202155	2026-01-13 01:07:00.213	1
SA4900-N2-001	92338.2795786439	2026-01-13 01:07:00.213	1
SA4900-NC4-001	19080.8626353844	2026-01-13 01:07:00.213	1
SA4900-NC5-001	56477.2753040263	2026-01-13 01:07:00.213	1
SA4900-PI-019	70256.5992314132	2026-01-13 01:07:00.213	1
SA4900-PI-020	71234.0137592922	2026-01-13 01:07:00.213	1
SA4900-WOB-001	65417.93900707	2026-01-13 01:07:00.213	1
SA4901-DET-0107A	17793.040205391	2026-01-13 01:07:00.213	1
SA4901-DET-0107B	12313.6636223132	2026-01-13 01:07:00.213	1
SA4901-DNTS0107A	23220.439587256	2026-01-13 01:07:00.213	1
SA4901-DNTS0107B	61440.9019856181	2026-01-13 01:07:00.213	1
SA4901-EFR-0107A	51562.3276589437	2026-01-13 01:07:00.213	1
SA4901-EFR-0107B	59107.1451279083	2026-01-13 01:07:00.213	1
SA4901-FRS-0107A	51805.337008417	2026-01-13 01:07:00.213	1
SA4901-FRS-0107B	10490.427724588	2026-01-13 01:07:00.213	1
SA4903-DET-009	66501.3508087643	2026-01-13 01:07:00.213	1
SA4903-DET-010	58756.5515344301	2026-01-13 01:07:00.213	1
SA4903-DNTS009	91526.9741717537	2026-01-13 01:07:00.213	1
SA4903-DNTS010	17350.3788585297	2026-01-13 01:07:00.213	1
SA4903-EFR-009	70220.4813322478	2026-01-13 01:07:00.213	1
SA4903-EFR-010	8148.74502989205	2026-01-13 01:07:00.213	1
SA4903-FR-009	43062.8571432195	2026-01-13 01:07:00.213	1
SA4903-FR-010	14766.1582280372	2026-01-13 01:07:00.213	1
SA4903-FRS-009	20964.3711779813	2026-01-13 01:07:00.213	1
SA4903-FRS-010	12405.5924714227	2026-01-13 01:07:00.213	1
SA4904-DET0107A	85406.7625654031	2026-01-13 01:07:00.213	1
SA4904-DET0107B	42601.7587257531	2026-01-13 01:07:00.213	1
SA4904-DET0206A	97897.6043190549	2026-01-13 01:07:00.213	1
SA4904-DET0206B	99684.9363931691	2026-01-13 01:07:00.213	1
SA4904-DET0306A	9318.80722620984	2026-01-13 01:07:00.213	1
SA4904-DET0306B	58707.413884815	2026-01-13 01:07:00.213	1
SA4904-DET0406A	16214.2600321041	2026-01-13 01:07:00.213	1
SA4904-DET0406B	80846.5092795103	2026-01-13 01:07:00.213	1
SA4904-DET0506A	45670.2748050875	2026-01-13 01:07:00.213	1
SA4904-DET0506B	2885.21148331571	2026-01-13 01:07:00.213	1
SA4904-EFR0107A	5176.85428402796	2026-01-13 01:07:00.213	1
SA4904-EFR0107B	14494.9459750582	2026-01-13 01:07:00.213	1
SA4904-EFR0206A	3302.52616736561	2026-01-13 01:07:00.213	1
SA4904-EFR0206B	67622.883841429	2026-01-13 01:07:00.213	1
SA4904-EFR0306A	80652.1691966186	2026-01-13 01:07:00.213	1
SA4904-EFR0306B	39585.9253731662	2026-01-13 01:07:00.213	1
SA4904-EFR0406A	53213.6083928112	2026-01-13 01:07:00.213	1
SA4904-EFR0406B	12238.4552255101	2026-01-13 01:07:00.213	1
SA4904-EFR0506A	92659.4707812499	2026-01-13 01:07:00.213	1
SA4904-EFR0506B	42403.0281306052	2026-01-13 01:07:00.213	1
SA4904-FRS0107A	29255.4167091608	2026-01-13 01:07:00.213	1
SA4904-FRS0107B	17567.2003803904	2026-01-13 01:07:00.213	1
SA4904-FRS0206A	5302.06246506029	2026-01-13 01:07:00.213	1
SA4904-FRS0206B	67956.8401486291	2026-01-13 01:07:00.213	1
SA4904-FRS0306A	32412.1379386555	2026-01-13 01:07:00.213	1
SA4904-FRS0306B	99163.6551162302	2026-01-13 01:07:00.213	1
SA4904-FRS0406A	56986.575044938	2026-01-13 01:07:00.213	1
SA4904-FRS0406B	25468.8541482036	2026-01-13 01:07:00.213	1
SA4904-FRS0506A	67453.6325781587	2026-01-13 01:07:00.213	1
SA4904-FRS0506B	53565.4518797256	2026-01-13 01:07:00.213	1
SA4904DNTS0107A	86461.1333271004	2026-01-13 01:07:00.213	1
SA4904DNTS0107B	39501.5499480903	2026-01-13 01:07:00.213	1
SA4904DNTS0206A	65031.8898010255	2026-01-13 01:07:00.213	1
SA4904DNTS0206B	15637.2673154127	2026-01-13 01:07:00.213	1
SA4904DNTS0306A	67812.953552464	2026-01-13 01:07:00.213	1
SA4904DNTS0306B	76461.900777049	2026-01-13 01:07:00.213	1
SA4904DNTS0406A	67388.0221989489	2026-01-13 01:07:00.213	1
SA4904DNTS0406B	39765.0878203772	2026-01-13 01:07:00.213	1
SA4904DNTS0506A	62573.465390527	2026-01-13 01:07:00.213	1
SA4904DNTS0506B	9352.95572537528	2026-01-13 01:07:00.213	1
SA4909-DET-0106A	61962.5514946613	2026-01-13 01:07:00.213	1
SA4909-DET-0106B	574.925643009765	2026-01-13 01:07:00.213	1
SA4909-DNTS0106A	15380.1152878135	2026-01-13 01:07:00.213	1
SA4909-DNTS0106B	8360.07962978308	2026-01-13 01:07:00.213	1
SA4909-EFR-0106A	10178.7281896494	2026-01-13 01:07:00.213	1
SA4909-EFR-0106B	67150.5948689352	2026-01-13 01:07:00.213	1
SA4909-FRS-0106A	19843.9699616883	2026-01-13 01:07:00.213	1
SA4909-FRS-0106B	49952.6728245044	2026-01-13 01:07:00.213	1
SA4913-DET0115A	69098.0997975575	2026-01-13 01:07:00.213	1
SA4913-DET0115B	32004.9026949658	2026-01-13 01:07:00.213	1
SA4913-EFR0115A	59751.2216057837	2026-01-13 01:07:00.213	1
SA4913-EFR0115B	15785.7178762341	2026-01-13 01:07:00.213	1
SA4913-FRS0115A	66293.1042292619	2026-01-13 01:07:00.213	1
SA4913-FRS0115B	82397.7316134462	2026-01-13 01:07:00.213	1
SA4913DNTS0115A	89569.8896125039	2026-01-13 01:07:00.213	1
SA4913DNTS0115B	24737.2937550385	2026-01-13 01:07:00.213	1
SA4920-GCV-GC	96852.2336005	2026-01-13 01:07:00.213	1
SA4920-PI-001	94320.6364911665	2026-01-13 01:07:00.213	1
SA4920-PI-007	33081.0293433278	2026-01-13 01:07:00.213	1
SA4920-WCT-001	42304.8666925118	2026-01-13 01:07:00.213	1
SA4920-WOB-GC	26760.8250947117	2026-01-13 01:07:00.213	1
SA500-C1-010	23685.9038523386	2026-01-13 01:07:00.213	1
SA500-C2-010	96567.7257056344	2026-01-13 01:07:00.213	1
SA500-C3-010	52775.8627096841	2026-01-13 01:07:00.213	1
SA500-C6P-010	59405.0919331615	2026-01-13 01:07:00.213	1
SA500-CO2-010	94776.4576119435	2026-01-13 01:07:00.213	1
SA500-GHS-010	98235.7247226517	2026-01-13 01:07:00.213	1
SA500-IC4-010	90425.8490443075	2026-01-13 01:07:00.213	1
SA500-IC5-010	98025.0990134488	2026-01-13 01:07:00.213	1
SA500-N2-010	20223.0023721946	2026-01-13 01:07:00.213	1
SA500-NC4-010	55414.6632921244	2026-01-13 01:07:00.213	1
SA500-NC5-010	13350.3290519429	2026-01-13 01:07:00.213	1
SA500-SG-010	81941.2875652192	2026-01-13 01:07:00.213	1
SA500-WI-010	40411.401292308	2026-01-13 01:07:00.213	1
SA5010-CO2-1683D	59578.8015406457	2026-01-13 01:07:00.213	1
SA5010-EFR-1680A	94503.6926133717	2026-01-13 01:07:00.213	1
SA5010-EFR-1681A	92985.0230119567	2026-01-13 01:07:00.213	1
SA5010-EFR-1682A	15166.1761799654	2026-01-13 01:07:00.213	1
SA5010-ET-1680A	36035.8511479182	2026-01-13 01:07:00.213	1
SA5010-ET-1681A	78451.456280496	2026-01-13 01:07:00.213	1
SA5010-ET-1682A	59426.0371590356	2026-01-13 01:07:00.213	1
SA5010-FRS-1680A	72210.9834482811	2026-01-13 01:07:00.213	1
SA5010-FRS-1681A	25311.7109674569	2026-01-13 01:07:00.213	1
SA5010-FRS-1682A	87744.5762760436	2026-01-13 01:07:00.213	1
SA5010-GHVS-1683	953.520259692357	2026-01-13 01:07:00.213	1
SA5010-NTS-1680A	64520.8678569372	2026-01-13 01:07:00.213	1
SA5010-NTS-1681A	94599.9382630506	2026-01-13 01:07:00.213	1
SA5010-NTS-1682A	71147.0970952629	2026-01-13 01:07:00.213	1
SA5010-PI-1660	25179.908360156	2026-01-13 01:07:00.213	1
SA5010-TI-1660	38773.5164392038	2026-01-13 01:07:00.213	1
SA5020-PI-0003A	10842.6484895068	2026-01-13 01:07:00.213	1
SA5020-PI-0009	73225.1364370045	2026-01-13 01:07:00.213	1
SA506-C1-001	51373.7573791536	2026-01-13 01:07:00.213	1
SA506-C2-001	3770.60809728729	2026-01-13 01:07:00.213	1
SA506-C3-001	90188.8630733363	2026-01-13 01:07:00.213	1
SA506-C6P-001	79516.0301515967	2026-01-13 01:07:00.213	1
SA506-CO2-001	25511.8371684929	2026-01-13 01:07:00.213	1
SA506-DET-004A	29105.840859525	2026-01-13 01:07:00.213	1
SA506-DET-004B	98903.7255154922	2026-01-13 01:07:00.213	1
SA506-DNTS-004A	73933.7544112219	2026-01-13 01:07:00.213	1
SA506-DNTS-004B	47948.7202247502	2026-01-13 01:07:00.213	1
SA506-EFR-004A	47264.4174519571	2026-01-13 01:07:00.213	1
SA506-EFR-004B	51127.230349536	2026-01-13 01:07:00.213	1
SA506-FI-001	64276.2011834054	2026-01-13 01:07:00.213	1
SA506-FRS-004A	21413.527766562	2026-01-13 01:07:00.213	1
SA506-FRS-004B	21269.1858930816	2026-01-13 01:07:00.213	1
SA506-GHD-001	47242.1809558165	2026-01-13 01:07:00.213	1
SA506-GHS-001	2623.29058141088	2026-01-13 01:07:00.213	1
SA506-IC4-001	2454.45810209291	2026-01-13 01:07:00.213	1
SA506-IC5-001	59837.5768267003	2026-01-13 01:07:00.213	1
SA506-N2-001	3532.48051468921	2026-01-13 01:07:00.213	1
SA506-NC4-001	73916.1104004331	2026-01-13 01:07:00.213	1
SA506-NC5-001	72847.349410154	2026-01-13 01:07:00.213	1
SA506-PT-004	78821.428179187	2026-01-13 01:07:00.213	1
SA506-PT-024	5887.94677307138	2026-01-13 01:07:00.213	1
SA506-SG-001	2108.00216483647	2026-01-13 01:07:00.213	1
SA506-TT-001A2	25099.7942306495	2026-01-13 01:07:00.213	1
SA506-TT-001B2	85046.9157318599	2026-01-13 01:07:00.213	1
SA506-TT-001C2	60366.3909903046	2026-01-13 01:07:00.213	1
SA506-WI-001	65161.3132052078	2026-01-13 01:07:00.213	1
SA5100-DET-2804	46413.3062779783	2026-01-13 01:07:00.213	1
SA5100-DET-2814	40626.1374258847	2026-01-13 01:07:00.213	1
SA5100-DET-2824	22410.7127280167	2026-01-13 01:07:00.213	1
SA5100-DNTS-2804	64132.6248782572	2026-01-13 01:07:00.213	1
SA5100-DNTS-2814	19750.1538253383	2026-01-13 01:07:00.213	1
SA5100-DNTS-2824	25464.9190679018	2026-01-13 01:07:00.213	1
SA5100-EFR-2804	13424.8002458004	2026-01-13 01:07:00.213	1
SA5100-EFR-2814	41339.1159654418	2026-01-13 01:07:00.213	1
SA5100-EFR-2824	581.105601925792	2026-01-13 01:07:00.213	1
SA5100-FRS-2804	20312.4785136003	2026-01-13 01:07:00.213	1
SA5100-FRS-2814	71449.5486401938	2026-01-13 01:07:00.213	1
SA5100-FRS-2824	60500.0944943262	2026-01-13 01:07:00.213	1
SA5100-GC1-CO2	95066.1110360031	2026-01-13 01:07:00.213	1
SA5100-GHVS-2804	959.624658079519	2026-01-13 01:07:00.213	1
SA5100-PI-2902	75851.760261325	2026-01-13 01:07:00.213	1
SA5100-TI-2900	62732.0395582642	2026-01-13 01:07:00.213	1
SA5500-C1-760	65900.9610159533	2026-01-13 01:07:00.213	1
SA5500-C1-860	61426.5905383552	2026-01-13 01:07:00.213	1
SA5500-C1-960	42449.0778848377	2026-01-13 01:07:00.213	1
SA5500-C2-760	47107.8709423116	2026-01-13 01:07:00.213	1
SA5500-C2-860	10914.3098454793	2026-01-13 01:07:00.213	1
SA5500-C2-960	3000.06250566795	2026-01-13 01:07:00.213	1
SA5500-C3-760	70022.5328732633	2026-01-13 01:07:00.213	1
SA5500-C3-860	38606.3463157136	2026-01-13 01:07:00.213	1
SA5500-C3-960	44446.5925756107	2026-01-13 01:07:00.213	1
SA5500-C6-760	92116.3523378246	2026-01-13 01:07:00.213	1
SA5500-C6-860	13652.2247104683	2026-01-13 01:07:00.213	1
SA5500-C6-960	55698.5474393355	2026-01-13 01:07:00.213	1
SA5500-CO2-760	50208.5810829877	2026-01-13 01:07:00.213	1
SA5500-CO2-860	72526.4042946094	2026-01-13 01:07:00.213	1
SA5500-CO2-960	39085.5965841066	2026-01-13 01:07:00.213	1
SA5500-HGD-750	75048.4358525323	2026-01-13 01:07:00.213	1
SA5500-HGD-850	61426.6377198563	2026-01-13 01:07:00.213	1
SA5500-HGD-950	93564.1263351364	2026-01-13 01:07:00.213	1
SA5500-IC4-760	8561.67575512679	2026-01-13 01:07:00.213	1
SA5500-IC4-860	98075.9521972239	2026-01-13 01:07:00.213	1
SA5500-IC4-960	1488.13967557437	2026-01-13 01:07:00.213	1
SA5500-IC5-760	5004.48243505376	2026-01-13 01:07:00.213	1
SA5500-IC5-860	81106.2317198702	2026-01-13 01:07:00.213	1
SA5500-IC5-960	63807.5057716523	2026-01-13 01:07:00.213	1
SA5500-N2-760	12285.3834524752	2026-01-13 01:07:00.213	1
SA5500-N2-860	24962.8160200375	2026-01-13 01:07:00.213	1
SA5500-N2-960	85935.5013568651	2026-01-13 01:07:00.213	1
SA5500-NC4-760	74885.7512980055	2026-01-13 01:07:00.213	1
SA5500-NC4-860	38843.9007860343	2026-01-13 01:07:00.213	1
SA5500-NC4-960	92933.0204682268	2026-01-13 01:07:00.213	1
SA5500-NC5-760	7527.43442143381	2026-01-13 01:07:00.213	1
SA5500-NC5-860	84875.2833074791	2026-01-13 01:07:00.213	1
SA5500-NC5-960	45342.983694658	2026-01-13 01:07:00.213	1
SA5500-SG-760G	45102.2131985989	2026-01-13 01:07:00.213	1
SA5500-SG-860G	53318.5567181562	2026-01-13 01:07:00.213	1
SA5500-SG-960G	81896.8887042344	2026-01-13 01:07:00.213	1
SA5500-SHGD-750	96336.0408935586	2026-01-13 01:07:00.213	1
SA5500-SHGD-760	5713.88094482512	2026-01-13 01:07:00.213	1
SA5500-SHGD-850	16470.5892378156	2026-01-13 01:07:00.213	1
SA5500-SHGD-860	68966.7025682704	2026-01-13 01:07:00.213	1
SA5500-SHGD-950	53569.0844470732	2026-01-13 01:07:00.213	1
SA5500-SHGD-960	70949.1093074097	2026-01-13 01:07:00.213	1
SA5500-WOB-760	73512.8676695693	2026-01-13 01:07:00.213	1
SA5500-WOB-860	36503.08733047	2026-01-13 01:07:00.213	1
SA5500-WOB-960	78115.3712959466	2026-01-13 01:07:00.213	1
SA5550-C2-514	76553.0731080336	2026-01-13 01:07:00.213	1
SA5550-GHS-002	47300.8280785013	2026-01-13 01:07:00.213	1
SA5550-GHS-514	81069.5862383949	2026-01-13 01:07:00.213	1
SA5550-SG-514	41861.396870633	2026-01-13 01:07:00.213	1
SA5550-WI-514	42948.9947207919	2026-01-13 01:07:00.213	1
SA5590-C1-004	10677.5602401163	2026-01-13 01:07:00.213	1
SA5590-C2-004	89108.7732343285	2026-01-13 01:07:00.213	1
SA5590-C3-004	73699.021860385	2026-01-13 01:07:00.213	1
SA5590-C6-004	16278.5835462445	2026-01-13 01:07:00.213	1
SA5590-CO2-004	31868.7002841609	2026-01-13 01:07:00.213	1
SA5590-IC4-004	22891.4350765018	2026-01-13 01:07:00.213	1
SA5590-IC5-004	84365.0114834988	2026-01-13 01:07:00.213	1
SA5590-N2-004	13885.2606531497	2026-01-13 01:07:00.213	1
SA5590-NC4-004	39117.7337725852	2026-01-13 01:07:00.213	1
SA5590-NC5-004	98348.5912581151	2026-01-13 01:07:00.213	1
SA5590-SGO-004	27359.4264058508	2026-01-13 01:07:00.213	1
SA5590-SHGD-004	33842.2196999538	2026-01-13 01:07:00.213	1
SA5590-WOB-004	47251.2737342828	2026-01-13 01:07:00.213	1
SA5600-C1-001	11005.0994058357	2026-01-13 01:07:00.213	1
SA5600-C2-001	74845.6073483426	2026-01-13 01:07:00.213	1
SA5600-C3-001	5912.45573879188	2026-01-13 01:07:00.213	1
SA5600-C6-001	81851.8931572557	2026-01-13 01:07:00.213	1
SA5600-CO2-001	83407.7761306843	2026-01-13 01:07:00.213	1
SA5600-GHD-001	26723.1115196552	2026-01-13 01:07:00.213	1
SA5600-GHS-001	89444.6041433539	2026-01-13 01:07:00.213	1
SA5600-IC4-001	85347.5497495184	2026-01-13 01:07:00.213	1
SA5600-IC5-001	19014.6873900775	2026-01-13 01:07:00.213	1
SA5600-N2-001	25603.7139681005	2026-01-13 01:07:00.213	1
SA5600-NC4-001	79089.4860359972	2026-01-13 01:07:00.213	1
SA5600-NC5-001	94915.6362739627	2026-01-13 01:07:00.213	1
SA5600-SG-001	66143.9490243183	2026-01-13 01:07:00.213	1
SA5600-WI-001	38037.5873894598	2026-01-13 01:07:00.213	1
SA5601-DET-001A	21107.0974312792	2026-01-13 01:07:00.213	1
SA5601-DET-001B	31167.9539564563	2026-01-13 01:07:00.213	1
SA5601-DET-002A	16321.060219066	2026-01-13 01:07:00.213	1
SA5601-DET-002B	22915.6879190053	2026-01-13 01:07:00.213	1
SA5601-DNTS-001A	42838.7357709232	2026-01-13 01:07:00.213	1
SA5601-DNTS-001B	71485.0918012107	2026-01-13 01:07:00.213	1
SA5601-DNTS-002A	1447.55728567469	2026-01-13 01:07:00.213	1
SA5601-DNTS-002B	63547.0336784428	2026-01-13 01:07:00.213	1
SA5601-EFR-001A	92216.2619292982	2026-01-13 01:07:00.213	1
SA5601-EFR-001B	66199.5068935645	2026-01-13 01:07:00.213	1
SA5601-EFR-002A	29805.8192354621	2026-01-13 01:07:00.213	1
SA5601-EFR-002B	18434.5593953366	2026-01-13 01:07:00.213	1
SA5601-FR-001A	29897.9709791798	2026-01-13 01:07:00.213	1
SA5601-FR-001B	89024.4115897355	2026-01-13 01:07:00.213	1
SA5601-FR-002A	44560.9647873892	2026-01-13 01:07:00.213	1
SA5601-FR-002B	75898.4150867667	2026-01-13 01:07:00.213	1
SA5601-FRS-001A	66913.4603517509	2026-01-13 01:07:00.213	1
SA5601-FRS-001B	27553.1404543381	2026-01-13 01:07:00.213	1
SA5601-FRS-002A	78260.1780018814	2026-01-13 01:07:00.213	1
SA5601-FRS-002B	43141.8657209796	2026-01-13 01:07:00.213	1
SA5602-DET-0101A	71462.5839804682	2026-01-13 01:07:00.213	1
SA5602-DET-0101B	39641.3927188871	2026-01-13 01:07:00.213	1
SA5602-DET-0309A	96400.6517973025	2026-01-13 01:07:00.213	1
SA5602-DET-0309B	58105.4391562278	2026-01-13 01:07:00.213	1
SA5602-DET0207A	51273.2433422258	2026-01-13 01:07:00.213	1
SA5602-DET0207B	85149.6441508846	2026-01-13 01:07:00.213	1
SA5602-DNTS0101A	6235.8545495015	2026-01-13 01:07:00.213	1
SA5602-DNTS0101B	93923.3407957874	2026-01-13 01:07:00.213	1
SA5602-DNTS0207A	35827.5989137281	2026-01-13 01:07:00.213	1
SA5602-DNTS0207B	57717.7620258345	2026-01-13 01:07:00.213	1
SA5602-DNTS0309A	17591.0796002189	2026-01-13 01:07:00.213	1
SA5602-DNTS0309B	3998.70066348806	2026-01-13 01:07:00.213	1
SA5602-EFR-0101A	62060.5298725482	2026-01-13 01:07:00.213	1
SA5602-EFR-0101B	62592.6708897423	2026-01-13 01:07:00.213	1
SA5602-EFR-0309A	138.882825785205	2026-01-13 01:07:00.213	1
SA5602-EFR-0309B	98225.3883913139	2026-01-13 01:07:00.213	1
SA5602-EFR0207A	48739.493194987	2026-01-13 01:07:00.213	1
SA5602-EFR0207B	89571.4997443217	2026-01-13 01:07:00.213	1
SA5602-FRS-0101A	63511.0837700939	2026-01-13 01:07:00.213	1
SA5602-FRS-0101B	12636.2026929442	2026-01-13 01:07:00.213	1
SA5602-FRS-0309A	33421.9118861531	2026-01-13 01:07:00.213	1
SA5602-FRS-0309B	8183.04496834822	2026-01-13 01:07:00.213	1
SA5602-FRS0207A	9694.74866783614	2026-01-13 01:07:00.213	1
SA5602-FRS0207B	66175.2911250912	2026-01-13 01:07:00.213	1
SA5604-A-DENT	22523.9927662128	2026-01-13 01:07:00.213	1
SA5604-A-DNVT	72984.0317577841	2026-01-13 01:07:00.213	1
SA5604-A-ENF	3645.30420935218	2026-01-13 01:07:00.213	1
SA5604-A-NVF	18801.514845212	2026-01-13 01:07:00.213	1
SA5604-B-DENT	71709.3921035992	2026-01-13 01:07:00.213	1
SA5604-B-DNVT	87931.4808820237	2026-01-13 01:07:00.213	1
SA5604-B-ENF	98224.5629410554	2026-01-13 01:07:00.213	1
SA5604-B-NVF	79978.0295940131	2026-01-13 01:07:00.213	1
SA5604-PT-003	797.031904264317	2026-01-13 01:07:00.213	1
SA5605-DET-0605A	39033.8224183491	2026-01-13 01:07:00.213	1
SA5605-DET-0605B	89859.5660463706	2026-01-13 01:07:00.213	1
SA5605-DNTS0605A	36692.6149660588	2026-01-13 01:07:00.213	1
SA5605-DNTS0605B	51581.2687261128	2026-01-13 01:07:00.213	1
SA5605-EFR-0605A	13744.0503362849	2026-01-13 01:07:00.213	1
SA5605-EFR-0605B	36885.2316045674	2026-01-13 01:07:00.213	1
SA5605-FRS-0605A	78787.0349136486	2026-01-13 01:07:00.213	1
SA5605-FRS-0605B	18617.9929837862	2026-01-13 01:07:00.213	1
SA5611-DET-001A	4666.82049644307	2026-01-13 01:07:00.213	1
SA5611-DET-001B	3607.70991452322	2026-01-13 01:07:00.213	1
SA5611-DET-0305A	64604.8253930936	2026-01-13 01:07:00.213	1
SA5611-DET-0305B	92380.4703624213	2026-01-13 01:07:00.213	1
SA5611-DNTS-001A	47797.3216455747	2026-01-13 01:07:00.213	1
SA5611-DNTS-001B	81731.0012995791	2026-01-13 01:07:00.213	1
SA5611-DNTS0305A	52322.5845396607	2026-01-13 01:07:00.213	1
SA5611-DNTS0305B	49008.3813056804	2026-01-13 01:07:00.213	1
SA5611-EFR-001A	10961.2164314597	2026-01-13 01:07:00.213	1
SA5611-EFR-001B	47170.7409439753	2026-01-13 01:07:00.213	1
SA5611-EFR-0305A	59736.1267744573	2026-01-13 01:07:00.213	1
SA5611-EFR-0305B	72920.7666961995	2026-01-13 01:07:00.213	1
SA5611-FRS-001A	62518.4894507771	2026-01-13 01:07:00.213	1
SA5611-FRS-001B	61082.417825899	2026-01-13 01:07:00.213	1
SA5611-FRS-0305A	91841.2263131002	2026-01-13 01:07:00.213	1
SA5611-FRS-0305B	41886.8020695134	2026-01-13 01:07:00.213	1
SA5614-DET-0141A	93340.4999968076	2026-01-13 01:07:00.213	1
SA5614-DET-0141B	92380.0337609849	2026-01-13 01:07:00.213	1
SA5614-DET-0206A	58479.3076869894	2026-01-13 01:07:00.213	1
SA5614-DET-0206B	47700.1332769711	2026-01-13 01:07:00.213	1
SA5614-DET-0212A	56541.010564715	2026-01-13 01:07:00.213	1
SA5614-DET-0212B	72092.4743296713	2026-01-13 01:07:00.213	1
SA5614-DET-028D	53428.9860572013	2026-01-13 01:07:00.213	1
SA5614-DNTS-028D	8301.83078512381	2026-01-13 01:07:00.213	1
SA5614-DNTS0141A	83058.3098966557	2026-01-13 01:07:00.213	1
SA5614-DNTS0141B	59645.7414003822	2026-01-13 01:07:00.213	1
SA5614-DNTS0206A	63434.9488011992	2026-01-13 01:07:00.213	1
SA5614-DNTS0206B	9555.10350913777	2026-01-13 01:07:00.213	1
SA5614-DNTS0212A	86526.5812603865	2026-01-13 01:07:00.213	1
SA5614-DNTS0212B	3971.2035335841	2026-01-13 01:07:00.213	1
SA5614-EFR-0141A	14288.723377405	2026-01-13 01:07:00.213	1
SA5614-EFR-0141B	79557.1182664126	2026-01-13 01:07:00.213	1
SA5614-EFR-0206A	63806.6563885894	2026-01-13 01:07:00.213	1
SA5614-EFR-0206B	26310.9521289092	2026-01-13 01:07:00.213	1
SA5614-EFR-0212A	41190.8118317868	2026-01-13 01:07:00.213	1
SA5614-EFR-0212B	53253.0636562482	2026-01-13 01:07:00.213	1
SA5614-EFR-028D	52272.3848675314	2026-01-13 01:07:00.213	1
SA5614-FRS-0141A	74736.5439206171	2026-01-13 01:07:00.213	1
SA5614-FRS-0141B	93764.0733267847	2026-01-13 01:07:00.213	1
SA5614-FRS-0206A	18004.5154116624	2026-01-13 01:07:00.213	1
SA5614-FRS-0206B	81439.6301510051	2026-01-13 01:07:00.213	1
SA5614-FRS-0212A	4826.92201972261	2026-01-13 01:07:00.213	1
SA5614-FRS-0212B	53745.7422967802	2026-01-13 01:07:00.213	1
SA5614-FRS-028D	35594.9478278583	2026-01-13 01:07:00.213	1
SA5614-GCV-001	11712.1226247276	2026-01-13 01:07:00.213	1
SA5650-C1-001	4262.69329319411	2026-01-13 01:07:00.213	1
SA5650-C2-001	51850.2660877232	2026-01-13 01:07:00.213	1
SA5650-C3-001	71877.5454916895	2026-01-13 01:07:00.213	1
SA5650-C6-001	10556.3750782385	2026-01-13 01:07:00.213	1
SA5650-CO2-001	91103.7269110942	2026-01-13 01:07:00.213	1
SA5650-DET-0118A	61060.3008480847	2026-01-13 01:07:00.213	1
SA5650-DET-0118B	94366.2697874876	2026-01-13 01:07:00.213	1
SA5650-DNTS0118A	43534.3135257903	2026-01-13 01:07:00.213	1
SA5650-EFR-0118A	93451.63076835	2026-01-13 01:07:00.213	1
SA5650-EFR-0118B	46923.4191063582	2026-01-13 01:07:00.213	1
SA5650-FRS-0118A	21383.4253366468	2026-01-13 01:07:00.213	1
SA5650-FRS-0118B	78676.0145456504	2026-01-13 01:07:00.213	1
SA5650-GHS-001	77728.1275892944	2026-01-13 01:07:00.213	1
SA5650-IC4-001	20424.6950815027	2026-01-13 01:07:00.213	1
SA5650-IC5-001	73030.6688641132	2026-01-13 01:07:00.213	1
SA5650-N2-001	21004.4306216958	2026-01-13 01:07:00.213	1
SA5650-NC4-001	69724.9985379476	2026-01-13 01:07:00.213	1
SA5650-NC5-001	52644.0779327282	2026-01-13 01:07:00.213	1
SA5650-PI-702	47155.7336960669	2026-01-13 01:07:00.213	1
SA5650-PI-726	15541.2737124303	2026-01-13 01:07:00.213	1
SA5650-SG-001	19310.5830121137	2026-01-13 01:07:00.213	1
SA5650-WI-001	45245.983987719	2026-01-13 01:07:00.213	1
SA5650DNTS-0118B	45421.4251022424	2026-01-13 01:07:00.213	1
SA5651-DET-0206A	39993.3422195441	2026-01-13 01:07:00.213	1
SA5651-DET-0206B	16236.4752784022	2026-01-13 01:07:00.213	1
SA5651-DET-0211A	46853.9882840685	2026-01-13 01:07:00.213	1
SA5651-DET-0211B	1961.86297654604	2026-01-13 01:07:00.213	1
SA5651-EFR-0206A	87191.2902215791	2026-01-13 01:07:00.213	1
SA5651-EFR-0206B	7018.39772852444	2026-01-13 01:07:00.213	1
SA5651-EFR-0211A	56309.9999708582	2026-01-13 01:07:00.213	1
SA5651-EFR-0211B	69212.5792504915	2026-01-13 01:07:00.213	1
SA5651-FRS-0206A	32856.5640556536	2026-01-13 01:07:00.213	1
SA5651-FRS-0206B	27437.245290886	2026-01-13 01:07:00.213	1
SA5651-FRS-0211A	95223.3556067309	2026-01-13 01:07:00.213	1
SA5651-FRS-0211B	21163.0280098289	2026-01-13 01:07:00.213	1
SA5651DNTS0206A	39345.7911571036	2026-01-13 01:07:00.213	1
SA5651DNTS0206B	93284.1377873426	2026-01-13 01:07:00.213	1
SA5651DNTS0211A	9830.52321350109	2026-01-13 01:07:00.213	1
SA5651DNTS0211B	8491.83813699725	2026-01-13 01:07:00.213	1
SA5810-C1-001	22620.8669552271	2026-01-13 01:07:00.213	1
SA5810-C2-001	2102.8543035927	2026-01-13 01:07:00.213	1
SA5810-C3-001	64657.6521962199	2026-01-13 01:07:00.213	1
SA5810-C6-001	61607.8611412296	2026-01-13 01:07:00.213	1
SA5810-CO2-001	62731.7655007214	2026-01-13 01:07:00.213	1
SA5810-DET-100A	29415.8087571931	2026-01-13 01:07:00.213	1
SA5810-DET-100B	85856.4106877926	2026-01-13 01:07:00.213	1
SA5810-DET-100C	54873.2073323243	2026-01-13 01:07:00.213	1
SA5810-DNTS-100A	63088.8865061991	2026-01-13 01:07:00.213	1
SA5810-DNTS-100B	26478.5263859102	2026-01-13 01:07:00.213	1
SA5810-DNTS-100C	52983.0305563679	2026-01-13 01:07:00.213	1
SA5810-EFR-100A	70323.9006093437	2026-01-13 01:07:00.213	1
SA5810-EFR-100B	44452.3942467555	2026-01-13 01:07:00.213	1
SA5810-EFR-100C	54158.9112011945	2026-01-13 01:07:00.213	1
SA5810-FRS-100A	28685.4586697449	2026-01-13 01:07:00.213	1
SA5810-FRS-100B	26002.2465211555	2026-01-13 01:07:00.213	1
SA5810-FRS-100C	22165.3326050842	2026-01-13 01:07:00.213	1
SA5810-HGS-001	86805.1277160059	2026-01-13 01:07:00.213	1
SA5810-IC4-001	63536.634994713	2026-01-13 01:07:00.213	1
SA5810-IC5-001	99655.9840116806	2026-01-13 01:07:00.213	1
SA5810-N2-001	72270.2771642542	2026-01-13 01:07:00.213	1
SA5810-NC4-001	42744.4376735145	2026-01-13 01:07:00.213	1
SA5810-NC5-001	30650.3379516011	2026-01-13 01:07:00.213	1
SA5810-SG-001	97419.5813484705	2026-01-13 01:07:00.213	1
SA5810-WOB-001	22343.6958007124	2026-01-13 01:07:00.213	1
SA5920-AI-002	31234.785552966	2026-01-13 01:07:00.213	1
SA5920-AI-008	24127.6711279169	2026-01-13 01:07:00.213	1
SA5920-C1-800	4869.69349280235	2026-01-13 01:07:00.213	1
SA5920-C1-801	84173.6300909086	2026-01-13 01:07:00.213	1
SA5920-C2-800	24829.5683522046	2026-01-13 01:07:00.213	1
SA5920-C2-801	18078.211854504	2026-01-13 01:07:00.213	1
SA5920-C3-800	78853.8326663864	2026-01-13 01:07:00.213	1
SA5920-C3-801	12256.4721065297	2026-01-13 01:07:00.213	1
SA5920-C6-800	15266.9335951081	2026-01-13 01:07:00.213	1
SA5920-C6P-801	74221.0710977869	2026-01-13 01:07:00.213	1
SA5920-CO2-800B	67927.0243314965	2026-01-13 01:07:00.213	1
SA5920-CO2-801	47277.974519938	2026-01-13 01:07:00.213	1
SA5920-DET-0803A	81347.6653523032	2026-01-13 01:07:00.213	1
SA5920-DET-0803B	83929.5810715343	2026-01-13 01:07:00.213	1
SA5920-DET-0803C	88669.6051671535	2026-01-13 01:07:00.213	1
SA5920-DET-151A	96411.5516230293	2026-01-13 01:07:00.213	1
SA5920-DET-151B	32194.6024670765	2026-01-13 01:07:00.213	1
SA5920-DET-803D	48585.9977113782	2026-01-13 01:07:00.213	1
SA5920-DET-803E	12985.2874625307	2026-01-13 01:07:00.213	1
SA5920-DET-835	62960.5898940705	2026-01-13 01:07:00.213	1
SA5920-DNTS-151A	52430.3558750978	2026-01-13 01:07:00.213	1
SA5920-DNTS-151B	24498.9595513617	2026-01-13 01:07:00.213	1
SA5920-DNTS-803D	54540.5728849407	2026-01-13 01:07:00.213	1
SA5920-DNTS-803E	63440.7647666231	2026-01-13 01:07:00.213	1
SA5920-DNTS-853	14543.5203981956	2026-01-13 01:07:00.213	1
SA5920-DNTS0803A	96020.6954482159	2026-01-13 01:07:00.213	1
SA5920-DNTS0803B	57018.1382521039	2026-01-13 01:07:00.213	1
SA5920-DNTS0803C	42549.3100412622	2026-01-13 01:07:00.213	1
SA5920-EFR-0803A	60011.0606392683	2026-01-13 01:07:00.213	1
SA5920-EFR-0803B	31508.3012637133	2026-01-13 01:07:00.213	1
SA5920-EFR-0803C	24706.3803017899	2026-01-13 01:07:00.213	1
SA5920-EFR-151A	70266.1454462979	2026-01-13 01:07:00.213	1
SA5920-EFR-151B	78689.1719488677	2026-01-13 01:07:00.213	1
SA5920-EFR-803D	37724.7943671925	2026-01-13 01:07:00.213	1
SA5920-EFR-803E	26627.6530869286	2026-01-13 01:07:00.213	1
SA5920-EFR-853	85957.6328416094	2026-01-13 01:07:00.213	1
SA5920-FRS-0803A	65271.6687869491	2026-01-13 01:07:00.213	1
SA5920-FRS-0803B	98284.7021120327	2026-01-13 01:07:00.213	1
SA5920-FRS-0803C	78336.4216275681	2026-01-13 01:07:00.213	1
SA5920-FRS-151A	19656.8067062372	2026-01-13 01:07:00.213	1
SA5920-FRS-151B	39431.509327387	2026-01-13 01:07:00.213	1
SA5920-FRS-803D	25042.4089664167	2026-01-13 01:07:00.213	1
SA5920-FRS-803E	96113.4838316798	2026-01-13 01:07:00.213	1
SA5920-FRS-853	66179.8962590846	2026-01-13 01:07:00.213	1
SA5920-GCV-GC	18310.2490803711	2026-01-13 01:07:00.213	1
SA5920-GHS-801	44240.3175442003	2026-01-13 01:07:00.213	1
SA5920-HGD-800	14599.9283246062	2026-01-13 01:07:00.213	1
SA5920-HGS-800	1639.96110970258	2026-01-13 01:07:00.213	1
SA5920-IC4-800	53045.6374561654	2026-01-13 01:07:00.213	1
SA5920-IC4-801	14594.8880645098	2026-01-13 01:07:00.213	1
SA5920-IC5-800	42286.8262937903	2026-01-13 01:07:00.213	1
SA5920-IC5-801	55192.5332049302	2026-01-13 01:07:00.213	1
SA5920-IU-WATER	32992.4255454336	2026-01-13 01:07:00.213	1
SA5920-LI-203	42396.6375325686	2026-01-13 01:07:00.213	1
SA5920-LI-213	18916.5287240839	2026-01-13 01:07:00.213	1
SA5920-LI-253	84150.7955150373	2026-01-13 01:07:00.213	1
SA5920-LI-263	32401.2882554641	2026-01-13 01:07:00.213	1
SA5920-LI-T001	24524.5479756726	2026-01-13 01:07:00.213	1
SA5920-LI-T002	85429.5211166242	2026-01-13 01:07:00.213	1
SA5920-LIT-003	80476.4051014467	2026-01-13 01:07:00.213	1
SA5920-LIT-004	21691.6024964695	2026-01-13 01:07:00.213	1
SA5920-N2-800	28874.8741728556	2026-01-13 01:07:00.213	1
SA5920-N2-801	42303.7438513022	2026-01-13 01:07:00.213	1
SA5920-NC4-800	99444.1674678319	2026-01-13 01:07:00.213	1
SA5920-NC4-801	52545.3289171598	2026-01-13 01:07:00.213	1
SA5920-NC5-800	60037.4805865481	2026-01-13 01:07:00.213	1
SA5920-NC5-801	97398.0673435313	2026-01-13 01:07:00.213	1
SA5920-PI-022	88339.8032617378	2026-01-13 01:07:00.213	1
SA5920-PI-034	16709.0950127097	2026-01-13 01:07:00.213	1
SA5920-PR-803D	82460.0623963376	2026-01-13 01:07:00.213	1
SA5920-PT-810	91338.3280579392	2026-01-13 01:07:00.213	1
SA5920-SG-800	60818.7056015235	2026-01-13 01:07:00.213	1
SA5920-SG-801	81637.9492722876	2026-01-13 01:07:00.213	1
SA5920-WI-801	12046.4633121469	2026-01-13 01:07:00.213	1
SA5920-WOB-800	45205.11267041	2026-01-13 01:07:00.213	1
SA5920-WOB-800B	34009.6075182966	2026-01-13 01:07:00.213	1
SA5920-WOB-GC	70749.3737619884	2026-01-13 01:07:00.213	1
SA5931-C1-1001	65331.1688052526	2026-01-13 01:07:00.213	1
SA5931-C2-1001	73869.6257173634	2026-01-13 01:07:00.213	1
SA5931-C3-1001	29122.0075373068	2026-01-13 01:07:00.213	1
SA5931-C6P-1001	56858.597045774	2026-01-13 01:07:00.213	1
SA5931-CO2-1001	5500.9974767711	2026-01-13 01:07:00.213	1
SA5931-FR-0105	41911.4186510443	2026-01-13 01:07:00.213	1
SA5931-GHS-1001	58319.4348765265	2026-01-13 01:07:00.213	1
SA5931-IC4-1001	53090.7254788694	2026-01-13 01:07:00.213	1
SA5931-IC5-1001	73938.9072340869	2026-01-13 01:07:00.213	1
SA5931-N2-1001	40503.9710654774	2026-01-13 01:07:00.213	1
SA5931-NC4-1001	3105.65657544303	2026-01-13 01:07:00.213	1
SA5931-NC5-1001	85016.2991775906	2026-01-13 01:07:00.213	1
SA5931-PI-1001	19759.16536551	2026-01-13 01:07:00.213	1
SA5931-PI-1007A	5651.16558850475	2026-01-13 01:07:00.213	1
SA5931-SG-1001	44281.4785125648	2026-01-13 01:07:00.213	1
SA5931-WI-1001	91360.8457860818	2026-01-13 01:07:00.213	1
SA6178-DET-0306A	41092.0311198961	2026-01-13 01:07:00.213	1
SA6178-DET-0335A	60315.1503122733	2026-01-13 01:07:00.213	1
SA6178-DET-0335B	58483.320579661	2026-01-13 01:07:00.213	1
SA6178-DET0306B	9430.26760149868	2026-01-13 01:07:00.213	1
SA6178-DNTS0306A	31107.233634534	2026-01-13 01:07:00.213	1
SA6178-DNTS0306B	93542.5378690747	2026-01-13 01:07:00.213	1
SA6178-DNTS0335A	18814.4197098465	2026-01-13 01:07:00.213	1
SA6178-DNTS0335B	12420.2835341035	2026-01-13 01:07:00.213	1
SA6178-EFR-0306A	19456.5267176622	2026-01-13 01:07:00.213	1
SA6178-EFR-0306B	22364.4838352111	2026-01-13 01:07:00.213	1
SA6178-EFR-0335A	68004.1135608828	2026-01-13 01:07:00.213	1
SA6178-EFR-0335B	76850.0686492144	2026-01-13 01:07:00.213	1
SA6178-FRS-0306A	31569.8665495276	2026-01-13 01:07:00.213	1
SA6178-FRS-0306B	78371.8665566055	2026-01-13 01:07:00.213	1
SA6178-FRS-0335A	72395.8866165128	2026-01-13 01:07:00.213	1
SA6178-FRS-0335B	74175.898848439	2026-01-13 01:07:00.213	1
SA630-C1-001	48380.3264464979	2026-01-13 01:07:00.213	1
SA630-C2-001	19053.5489057242	2026-01-13 01:07:00.213	1
SA630-C3-001	11211.3952207651	2026-01-13 01:07:00.213	1
SA630-C6P-001	97484.3340984708	2026-01-13 01:07:00.213	1
SA630-CO2-001	64050.6517945329	2026-01-13 01:07:00.213	1
SA630-GD-001	71204.4125678337	2026-01-13 01:07:00.213	1
SA630-GS-001	63698.1788394602	2026-01-13 01:07:00.213	1
SA630-HWI-001	1031.65434183834	2026-01-13 01:07:00.213	1
SA630-IC4-001	86064.5072134133	2026-01-13 01:07:00.213	1
SA630-IC5-001	37068.9648370151	2026-01-13 01:07:00.213	1
SA630-N2-001	70864.4648844136	2026-01-13 01:07:00.213	1
SA630-NC4-001	63049.3768863239	2026-01-13 01:07:00.213	1
SA630-NC5-001	35870.6268945946	2026-01-13 01:07:00.213	1
SA630-SG-001	9289.17861996138	2026-01-13 01:07:00.213	1
SA632-C1-002	53412.086459498	2026-01-13 01:07:00.213	1
SA632-C2-002	90057.6715743603	2026-01-13 01:07:00.213	1
SA632-C3-002	53913.7846745259	2026-01-13 01:07:00.213	1
SA632-C6P-002	32944.0447600384	2026-01-13 01:07:00.213	1
SA632-CO2-002	61117.5810147937	2026-01-13 01:07:00.213	1
SA632-GHV-002	959.484102742342	2026-01-13 01:07:00.213	1
SA632-IC4-002	35393.4920913294	2026-01-13 01:07:00.213	1
SA632-IC5-002	45315.9429399506	2026-01-13 01:07:00.213	1
SA632-N2-002	75017.0375485395	2026-01-13 01:07:00.213	1
SA632-NC4-002	48290.7836242462	2026-01-13 01:07:00.213	1
SA632-NC5-002	27219.711614479	2026-01-13 01:07:00.213	1
SA632-SAT-002	92039.6828672158	2026-01-13 01:07:00.213	1
SA632-SG-002	58612.5139586877	2026-01-13 01:07:00.213	1
SA632-WOB-002	12999.643392036	2026-01-13 01:07:00.213	1
SA636-DET-001A	5101.8348870855	2026-01-13 01:07:00.213	1
SA636-DET-001B	25351.9245218358	2026-01-13 01:07:00.213	1
SA636-DET-001C	84425.9416768054	2026-01-13 01:07:00.213	1
SA636-DET-001D	40068.8669352717	2026-01-13 01:07:00.213	1
SA636-DNTS-001A	95766.20905743	2026-01-13 01:07:00.213	1
SA636-DNTS-001B	73376.6431720493	2026-01-13 01:07:00.213	1
SA636-DNTS-001C	6325.99181311104	2026-01-13 01:07:00.213	1
SA636-DNTS-001D	72536.1839586809	2026-01-13 01:07:00.213	1
SA636-EFR-001A	58239.6922506652	2026-01-13 01:07:00.213	1
SA636-EFR-001B	43137.4713652185	2026-01-13 01:07:00.213	1
SA636-EFR-001C	63571.0119348387	2026-01-13 01:07:00.213	1
SA636-EFR-001D	5118.86720848048	2026-01-13 01:07:00.213	1
SA636-FRS-001A	55677.1706812572	2026-01-13 01:07:00.213	1
SA636-FRS-001B	4879.28743764051	2026-01-13 01:07:00.213	1
SA636-FRS-001C	50201.1699637869	2026-01-13 01:07:00.213	1
SA636-FRS-001D	1463.15129280591	2026-01-13 01:07:00.213	1
SA650-C1-001	75523.6040822042	2026-01-13 01:07:00.213	1
SA650-C2-001	10741.8041166547	2026-01-13 01:07:00.213	1
SA650-C3-001	79051.5133992073	2026-01-13 01:07:00.213	1
SA650-C6-001	57909.138838913	2026-01-13 01:07:00.213	1
SA650-CO2-001	35506.5979055234	2026-01-13 01:07:00.213	1
SA650-HGD-001	41376.8529572085	2026-01-13 01:07:00.213	1
SA650-HGS-001	97146.6889409651	2026-01-13 01:07:00.213	1
SA650-IC4-001	90695.4345944694	2026-01-13 01:07:00.213	1
SA650-IC5-001	95027.3304291344	2026-01-13 01:07:00.213	1
SA650-N2-001	21133.1095294499	2026-01-13 01:07:00.213	1
SA650-NC4-001	81537.4054983705	2026-01-13 01:07:00.213	1
SA650-NC5-001	69908.9881594156	2026-01-13 01:07:00.213	1
SA650-SG-001	22533.707082622	2026-01-13 01:07:00.213	1
SA650-WOB-001	3674.62017892437	2026-01-13 01:07:00.213	1
SA6500-C1-MIX	84931.2590853425	2026-01-13 01:07:00.213	1
SA6500-C2-MIX	86192.9753699219	2026-01-13 01:07:00.213	1
SA6500-C3-MIX	88471.9128317964	2026-01-13 01:07:00.213	1
SA6500-C6P-MIX	28239.5158810186	2026-01-13 01:07:00.213	1
SA6500-CO2-MIX	35850.5775208596	2026-01-13 01:07:00.213	1
SA6500-DET-0001A	94919.1640137406	2026-01-13 01:07:00.213	1
SA6500-DET-0001B	2919.33447254023	2026-01-13 01:07:00.213	1
SA6500-DNTS0001A	90812.8322126396	2026-01-13 01:07:00.213	1
SA6500-DNTS0001B	63745.2978812068	2026-01-13 01:07:00.213	1
SA6500-EFR-0001A	83820.9203086635	2026-01-13 01:07:00.213	1
SA6500-EFR-0001B	18994.4169676675	2026-01-13 01:07:00.213	1
SA6500-FRS-0001A	27735.2699998358	2026-01-13 01:07:00.213	1
SA6500-FRS-0001B	33048.676887939	2026-01-13 01:07:00.213	1
SA6500-GHD-MIX	75399.9159177376	2026-01-13 01:07:00.213	1
SA6500-GHS-MIX	86927.6806438213	2026-01-13 01:07:00.213	1
SA6500-IC4-MIX	33265.7653677863	2026-01-13 01:07:00.213	1
SA6500-IC5-MIX	52686.1192276034	2026-01-13 01:07:00.213	1
SA6500-N2-MIX	95513.880377951	2026-01-13 01:07:00.213	1
SA6500-NC4-MIX	42222.7821077385	2026-01-13 01:07:00.213	1
SA6500-NC5-MIX	69472.5742477634	2026-01-13 01:07:00.213	1
SA6500-SG-MIX	41088.6408398503	2026-01-13 01:07:00.213	1
SA6500-WI-MIX	78950.2602578912	2026-01-13 01:07:00.213	1
SA6503-DET-0201A	64258.5488033382	2026-01-13 01:07:00.213	1
SA6503-DET-0201B	87718.1126891341	2026-01-13 01:07:00.213	1
SA6503-DET-0201C	62475.4292720707	2026-01-13 01:07:00.213	1
SA6503-DET-0201D	48519.0517494077	2026-01-13 01:07:00.213	1
SA6503-DET-0202A	28916.5473455426	2026-01-13 01:07:00.213	1
SA6503-DET-0202B	49365.2240768926	2026-01-13 01:07:00.213	1
SA6503-DET-0202C	5944.66028451753	2026-01-13 01:07:00.213	1
SA6503-DET-0202D	72010.3311201096	2026-01-13 01:07:00.213	1
SA6503-DET-0301A	17841.1850620393	2026-01-13 01:07:00.213	1
SA6503-DET-0301B	97246.6694151924	2026-01-13 01:07:00.213	1
SA6503-DET-0301C	65144.2280521514	2026-01-13 01:07:00.213	1
SA6503-DET-0301D	49737.587238297	2026-01-13 01:07:00.213	1
SA6503-DET-0302A	62835.8447631443	2026-01-13 01:07:00.213	1
SA6503-DET-0302B	18300.2708517303	2026-01-13 01:07:00.213	1
SA6503-DET-0302C	61299.1571278925	2026-01-13 01:07:00.213	1
SA6503-DET-0302D	91617.9734387153	2026-01-13 01:07:00.213	1
SA6503-DNTS0201A	23728.1305176862	2026-01-13 01:07:00.213	1
SA6503-DNTS0201B	51311.9285704867	2026-01-13 01:07:00.213	1
SA6503-DNTS0201C	76086.7974366308	2026-01-13 01:07:00.213	1
SA6503-DNTS0201D	51084.9319719656	2026-01-13 01:07:00.213	1
SA6503-DNTS0202A	56777.758204157	2026-01-13 01:07:00.213	1
SA6503-DNTS0202B	72302.5327076039	2026-01-13 01:07:00.213	1
SA6503-DNTS0202C	73846.925076356	2026-01-13 01:07:00.213	1
SA6503-DNTS0202D	56747.5283644019	2026-01-13 01:07:00.213	1
SA6503-DNTS0301A	41095.7626023759	2026-01-13 01:07:00.213	1
SA6503-DNTS0301B	35552.9187538342	2026-01-13 01:07:00.213	1
SA6503-DNTS0301C	47828.5501753199	2026-01-13 01:07:00.213	1
SA6503-DNTS0301D	87955.5961976684	2026-01-13 01:07:00.213	1
SA6503-DNTS0302A	73190.1339810403	2026-01-13 01:07:00.213	1
SA6503-DNTS0302B	9101.07674597931	2026-01-13 01:07:00.213	1
SA6503-DNTS0302C	10908.1737799045	2026-01-13 01:07:00.213	1
SA6503-DNTS0302D	95314.8109610436	2026-01-13 01:07:00.213	1
SA6503-EFR-0201A	57727.1451198742	2026-01-13 01:07:00.213	1
SA6503-EFR-0201B	81850.3778264722	2026-01-13 01:07:00.213	1
SA6503-EFR-0201C	64068.4364344953	2026-01-13 01:07:00.213	1
SA6503-EFR-0201D	90246.2462331225	2026-01-13 01:07:00.213	1
SA6503-EFR-0202A	56936.6456917469	2026-01-13 01:07:00.213	1
SA6503-EFR-0202B	54922.276755003	2026-01-13 01:07:00.213	1
SA6503-EFR-0202C	20461.6850074219	2026-01-13 01:07:00.213	1
SA6503-EFR-0202D	25478.5750178133	2026-01-13 01:07:00.213	1
SA6503-EFR-0301A	35132.1929541785	2026-01-13 01:07:00.213	1
SA6503-EFR-0301B	17304.5303215159	2026-01-13 01:07:00.213	1
SA6503-EFR-0301C	65592.4961476122	2026-01-13 01:07:00.213	1
SA6503-EFR-0301D	86954.1697895242	2026-01-13 01:07:00.213	1
SA6503-EFR-0302A	3541.04394928008	2026-01-13 01:07:00.213	1
SA6503-EFR-0302B	54694.7796023463	2026-01-13 01:07:00.213	1
SA6503-EFR-0302C	64689.5092651373	2026-01-13 01:07:00.213	1
SA6503-EFR-0302D	17646.9262480681	2026-01-13 01:07:00.213	1
SA6503-FRS-0201A	66435.7738046511	2026-01-13 01:07:00.213	1
SA6503-FRS-0201B	90490.6463225435	2026-01-13 01:07:00.213	1
SA6503-FRS-0201C	10334.9247387889	2026-01-13 01:07:00.213	1
SA6503-FRS-0201D	16730.9204285251	2026-01-13 01:07:00.213	1
SA6503-FRS-0202A	74138.5333854717	2026-01-13 01:07:00.213	1
SA6503-FRS-0202B	87684.6011442343	2026-01-13 01:07:00.213	1
SA6503-FRS-0202C	95240.9892842221	2026-01-13 01:07:00.213	1
SA6503-FRS-0202D	40734.2174509238	2026-01-13 01:07:00.213	1
SA6503-FRS-0301A	95653.3625481564	2026-01-13 01:07:00.213	1
SA6503-FRS-0301B	64801.1997154904	2026-01-13 01:07:00.213	1
SA6503-FRS-0301C	48818.4167942737	2026-01-13 01:07:00.213	1
SA6503-FRS-0301D	17999.855090582	2026-01-13 01:07:00.213	1
SA6503-FRS-0302A	20231.3096218038	2026-01-13 01:07:00.213	1
SA6503-FRS-0302B	41359.8897636575	2026-01-13 01:07:00.213	1
SA6503-FRS-0302C	94421.8367770545	2026-01-13 01:07:00.213	1
SA6503-FRS-0302D	18578.1549567044	2026-01-13 01:07:00.213	1
SA6503-GHD-0201	8262.84662265034	2026-01-13 01:07:00.213	1
SA6503-GHD-201	78995.6163208848	2026-01-13 01:07:00.213	1
SA6503-GHS-0201	94219.0480480179	2026-01-13 01:07:00.213	1
SA6503-GHS-0203	78021.7095902036	2026-01-13 01:07:00.213	1
SA6503-GHS-0309	33191.0178608103	2026-01-13 01:07:00.213	1
SA6503-GHS-0313	45173.8021476723	2026-01-13 01:07:00.213	1
SA6503-WI-0201	47631.9887247119	2026-01-13 01:07:00.213	1
SA6503-WI-0203	32684.6822058769	2026-01-13 01:07:00.213	1
SA6503-WI-0309	87622.5264744065	2026-01-13 01:07:00.213	1
SA6503-WI-0313	89278.1642862159	2026-01-13 01:07:00.213	1
SA6503-WI-201	38972.1811165043	2026-01-13 01:07:00.213	1
SA652-DET-006A	93363.3237806855	2026-01-13 01:07:00.213	1
SA652-DET-006B	56304.5002056605	2026-01-13 01:07:00.213	1
SA652-DNTS-006A	75461.5825405915	2026-01-13 01:07:00.213	1
SA652-DNTS-006B	10069.5233509912	2026-01-13 01:07:00.213	1
SA652-EFR-006A	67284.8349777462	2026-01-13 01:07:00.213	1
SA652-EFR-006B	82182.8339333012	2026-01-13 01:07:00.213	1
SA652-FRS-006A	93137.1974315632	2026-01-13 01:07:00.213	1
SA652-FRS-006B	82452.3683093776	2026-01-13 01:07:00.213	1
SA6535-DET-0111A	35968.6450525359	2026-01-13 01:07:00.213	1
SA6535-DET-0111B	67015.1185335908	2026-01-13 01:07:00.213	1
SA6535-DNTS0111A	4861.80333432736	2026-01-13 01:07:00.213	1
SA6535-DNTS0111B	58334.8466752821	2026-01-13 01:07:00.213	1
SA6535-EFR-0111A	24673.7588144313	2026-01-13 01:07:00.213	1
SA6535-EFR-0111B	22739.0634314139	2026-01-13 01:07:00.213	1
SA6535-FRS-0111A	55468.1670134108	2026-01-13 01:07:00.213	1
SA6535-FRS-0111B	24703.0293546891	2026-01-13 01:07:00.213	1
SA6535-HGS-0105	65260.3068896837	2026-01-13 01:07:00.213	1
SA6535-WI-0105	53835.8205006041	2026-01-13 01:07:00.213	1
SA6540-C1-EAST	4871.76749828756	2026-01-13 01:07:00.213	1
SA6540-C1-MIX	39289.3267501052	2026-01-13 01:07:00.213	1
SA6540-C1-WEST	53436.2616818814	2026-01-13 01:07:00.213	1
SA6540-C2-EAST	71943.6272721216	2026-01-13 01:07:00.213	1
SA6540-C2-MIX	77641.6751384663	2026-01-13 01:07:00.213	1
SA6540-C2-WEST	42576.8423700443	2026-01-13 01:07:00.213	1
SA6540-C3-EAST	25188.8132142286	2026-01-13 01:07:00.213	1
SA6540-C3-MIX	9112.98362159002	2026-01-13 01:07:00.213	1
SA6540-C3-WEST	71905.2508803722	2026-01-13 01:07:00.213	1
SA6540-C6P-EAST	47075.8918100771	2026-01-13 01:07:00.213	1
SA6540-C6P-MIX	42277.5605663807	2026-01-13 01:07:00.213	1
SA6540-C6P-WEST	84664.4452009081	2026-01-13 01:07:00.213	1
SA6540-CO2-EAST	45027.0264341766	2026-01-13 01:07:00.213	1
SA6540-CO2-MIX	57691.5375427458	2026-01-13 01:07:00.213	1
SA6540-CO2-WEST	92239.7942475117	2026-01-13 01:07:00.213	1
SA6540-GHS-EAST	81094.8837195031	2026-01-13 01:07:00.213	1
SA6540-GHS-MIX	30133.7391856415	2026-01-13 01:07:00.213	1
SA6540-GHS-WEST	13581.9082845409	2026-01-13 01:07:00.213	1
SA6540-IC4-EAST	78446.4271070812	2026-01-13 01:07:00.213	1
SA6540-IC4-MIX	17553.5437166384	2026-01-13 01:07:00.213	1
SA6540-IC4-WEST	66326.4328939234	2026-01-13 01:07:00.213	1
SA6540-IC5-EAST	58926.0219267798	2026-01-13 01:07:00.213	1
SA6540-IC5-MIX	75510.0611667892	2026-01-13 01:07:00.213	1
SA6540-IC5-WEST	87847.1921383192	2026-01-13 01:07:00.213	1
SA6540-N2-EAST	54750.7253340997	2026-01-13 01:07:00.213	1
SA6540-N2-MIX	47802.3324986649	2026-01-13 01:07:00.213	1
SA6540-N2-WEST	43372.4996804891	2026-01-13 01:07:00.213	1
SA6540-NC4-EAST	76902.6565868045	2026-01-13 01:07:00.213	1
SA6540-NC4-MIX	2239.63840811932	2026-01-13 01:07:00.213	1
SA6540-NC4-WEST	86100.0030500127	2026-01-13 01:07:00.213	1
SA6540-NC5-EAST	57610.246955607	2026-01-13 01:07:00.213	1
SA6540-NC5-MIX	99709.0802565589	2026-01-13 01:07:00.213	1
SA6540-NC5-WEST	5628.48628622512	2026-01-13 01:07:00.213	1
SA6540-PI-0721	2081.304520199	2026-01-13 01:07:00.213	1
SA6540-PI-0750	84506.1860044029	2026-01-13 01:07:00.213	1
SA6540-PI-0756	36820.7067347254	2026-01-13 01:07:00.213	1
SA6540-SG-EAST	78783.1061463829	2026-01-13 01:07:00.213	1
SA6540-SG-MIX	45852.0857464741	2026-01-13 01:07:00.213	1
SA6540-SG-WEST	90553.771523064	2026-01-13 01:07:00.213	1
SA6540-WI-EAST	21293.5497418457	2026-01-13 01:07:00.213	1
SA6540-WI-MIX	43799.9818673539	2026-01-13 01:07:00.213	1
SA6540-WI-WEST	19619.0634751663	2026-01-13 01:07:00.213	1
SA6546-C1-0310	25406.1214962359	2026-01-13 01:07:00.213	1
SA6546-C2-0310	16378.6915753316	2026-01-13 01:07:00.213	1
SA6546-C3-0310	98930.1507630893	2026-01-13 01:07:00.213	1
SA6546-C6P-0310	86128.172858893	2026-01-13 01:07:00.213	1
SA6546-CO2-0310	15181.0072331915	2026-01-13 01:07:00.213	1
SA6546-DET-0314A	37105.3141976944	2026-01-13 01:07:00.213	1
SA6546-DET-0314B	98517.478136288	2026-01-13 01:07:00.213	1
SA6546-DET-0322A	61589.5025710758	2026-01-13 01:07:00.213	1
SA6546-DET-0322B	7618.37566558391	2026-01-13 01:07:00.213	1
SA6546-DNTS0314A	32833.0851628838	2026-01-13 01:07:00.213	1
SA6546-DNTS0314B	99803.7879336783	2026-01-13 01:07:00.213	1
SA6546-DNTS0322A	11355.6277034224	2026-01-13 01:07:00.213	1
SA6546-DNTS0322B	17999.8352525091	2026-01-13 01:07:00.213	1
SA6546-EFR-0314A	6482.23770406154	2026-01-13 01:07:00.213	1
SA6546-EFR-0314B	53345.0056595468	2026-01-13 01:07:00.213	1
SA6546-EFR-0322A	87971.6715557592	2026-01-13 01:07:00.213	1
SA6546-EFR-0322B	3061.69744041052	2026-01-13 01:07:00.213	1
SA6546-FRS-0314A	70846.7272740182	2026-01-13 01:07:00.213	1
SA6546-FRS-0314B	20972.1723473063	2026-01-13 01:07:00.213	1
SA6546-FRS-0322A	18981.5649591427	2026-01-13 01:07:00.213	1
SA6546-FRS-0322B	51670.177878872	2026-01-13 01:07:00.213	1
SA6546-GHD-0310	24807.2136694837	2026-01-13 01:07:00.213	1
SA6546-GHS-0310	35935.4357082197	2026-01-13 01:07:00.213	1
SA6546-IC4-0310	10311.0591925135	2026-01-13 01:07:00.213	1
SA6546-IC5-0310	66322.1925385064	2026-01-13 01:07:00.213	1
SA6546-N2-0310	45916.354029275	2026-01-13 01:07:00.213	1
SA6546-NC4-0310	24261.9566797008	2026-01-13 01:07:00.213	1
SA6546-NC5-0310	57008.6753589478	2026-01-13 01:07:00.213	1
SA6546-SG-0310	36452.7160886579	2026-01-13 01:07:00.213	1
SA6546-WI-0310	61026.5524628792	2026-01-13 01:07:00.213	1
SA6700-C1-201	29766.578215813	2026-01-13 01:07:00.213	1
SA6700-C2-201	67507.592158462	2026-01-13 01:07:00.213	1
SA6700-C3-201	47737.1139167375	2026-01-13 01:07:00.213	1
SA6700-C6-201	5256.82305668654	2026-01-13 01:07:00.213	1
SA6700-CO2-201	62492.4925233637	2026-01-13 01:07:00.213	1
SA6700-GHV-201	957.01965318568	2026-01-13 01:07:00.213	1
SA6700-IC4-201	16797.8744268644	2026-01-13 01:07:00.213	1
SA6700-IC5-201	62183.2446861865	2026-01-13 01:07:00.213	1
SA6700-N2-201	8912.55319889357	2026-01-13 01:07:00.213	1
SA6700-NC4-201	68022.5085844805	2026-01-13 01:07:00.213	1
SA6700-NC5-201	2306.66024239534	2026-01-13 01:07:00.213	1
SA6700-SG-201	61629.5647097576	2026-01-13 01:07:00.213	1
SA6700-WOB-201	83140.772444095	2026-01-13 01:07:00.213	1
SA6702-DET0109A	44765.48433039	2026-01-13 01:07:00.213	1
SA6702-DET0109B	56486.6967525756	2026-01-13 01:07:00.213	1
SA6702-DET0207A	86110.0840795987	2026-01-13 01:07:00.213	1
SA6702-DET0207B	32592.1387586218	2026-01-13 01:07:00.213	1
SA6702-EFR0109A	21397.0690545201	2026-01-13 01:07:00.213	1
SA6702-EFR0109B	27798.1365007544	2026-01-13 01:07:00.213	1
SA6702-EFR0207A	85721.5461807338	2026-01-13 01:07:00.213	1
SA6702-EFR0207B	44870.910992593	2026-01-13 01:07:00.213	1
SA6702-FRS0109A	96717.3987768844	2026-01-13 01:07:00.213	1
SA6702-FRS0109B	512.319032692935	2026-01-13 01:07:00.213	1
SA6702-FRS0207A	62520.3983721366	2026-01-13 01:07:00.213	1
SA6702-FRS0207B	79828.3435282388	2026-01-13 01:07:00.213	1
SA6702DNTS0109A	79188.7278984208	2026-01-13 01:07:00.213	1
SA6702DNTS0109B	58651.2759791466	2026-01-13 01:07:00.213	1
SA6702DNTS0207A	28208.4265461303	2026-01-13 01:07:00.213	1
SA6702DNTS0207B	13158.6068746602	2026-01-13 01:07:00.213	1
SA6703-DET-0115A	85606.2113157038	2026-01-13 01:07:00.213	1
SA6703-DET-0115B	38904.7990113949	2026-01-13 01:07:00.213	1
SA6703-DNTS0115B	93705.2260369674	2026-01-13 01:07:00.213	1
SA6703-EFR-0115A	59855.7020099978	2026-01-13 01:07:00.213	1
SA6703-EFR-0115B	24219.0343407264	2026-01-13 01:07:00.213	1
SA6703-FRS-0115B	62833.0700202229	2026-01-13 01:07:00.213	1
SA6706-DET-0106A	91025.021473873	2026-01-13 01:07:00.213	1
SA6706-DET-0106B	58684.8492256172	2026-01-13 01:07:00.213	1
SA6706-DET-0410A	67281.1727613593	2026-01-13 01:07:00.213	1
SA6706-DET-0410B	39851.9746971093	2026-01-13 01:07:00.213	1
SA6706-DET-0418A	21470.6296702111	2026-01-13 01:07:00.213	1
SA6706-DET-0418B	44025.1082567511	2026-01-13 01:07:00.213	1
SA6706-DNTS0106A	65282.6196112047	2026-01-13 01:07:00.213	1
SA6706-DNTS0106B	61565.0205390214	2026-01-13 01:07:00.213	1
SA6706-DNTS0410A	73180.4132806312	2026-01-13 01:07:00.213	1
SA6706-DNTS0410B	83264.5580318458	2026-01-13 01:07:00.213	1
SA6706-DNTS0418A	22121.4973545915	2026-01-13 01:07:00.213	1
SA6706-DNTS0418B	2774.83347929588	2026-01-13 01:07:00.213	1
SA6706-EFR-0106A	6205.64825106918	2026-01-13 01:07:00.213	1
SA6706-EFR-0106B	68792.1288882363	2026-01-13 01:07:00.213	1
SA6706-EFR-0410A	48933.7835347316	2026-01-13 01:07:00.213	1
SA6706-EFR-0410B	67561.9389237203	2026-01-13 01:07:00.213	1
SA6706-EFR-0418A	89733.2947004481	2026-01-13 01:07:00.213	1
SA6706-EFR-0418B	39811.7705230342	2026-01-13 01:07:00.213	1
SA6706-FRS-0106A	85872.2943169132	2026-01-13 01:07:00.213	1
SA6706-FRS-0106B	75571.6790161772	2026-01-13 01:07:00.213	1
SA6706-FRS-0410A	72601.6013188069	2026-01-13 01:07:00.213	1
SA6706-FRS-0410B	3577.12626812828	2026-01-13 01:07:00.213	1
SA6706-FRS-0418A	40384.0749491663	2026-01-13 01:07:00.213	1
SA6706-FRS-0418B	27628.1832399491	2026-01-13 01:07:00.213	1
SA6711-DET-0405A	40063.6244925388	2026-01-13 01:07:00.213	1
SA6711-DET-0405B	13383.4595298741	2026-01-13 01:07:00.213	1
SA6711-DNTS0405A	80391.4883389868	2026-01-13 01:07:00.213	1
SA6711-DNTS0405B	78926.8769585188	2026-01-13 01:07:00.213	1
SA6711-EFR-0405A	58273.4074350427	2026-01-13 01:07:00.213	1
SA6711-EFR-0405B	66560.1137965131	2026-01-13 01:07:00.213	1
SA6711-FRS-0405A	7580.78323371731	2026-01-13 01:07:00.213	1
SA6711-FRS-0405B	76884.2793584873	2026-01-13 01:07:00.213	1
SA6750-C1-301	36381.1833955698	2026-01-13 01:07:00.213	1
SA6750-C2-301	72108.8468003554	2026-01-13 01:07:00.213	1
SA6750-C3-301	30148.9323508313	2026-01-13 01:07:00.213	1
SA6750-C6-301	93192.9213815146	2026-01-13 01:07:00.213	1
SA6750-CO2-301	29455.0888876318	2026-01-13 01:07:00.213	1
SA6750-DET-414A	99275.3898434096	2026-01-13 01:07:00.213	1
SA6750-DET-414B	18055.5305704047	2026-01-13 01:07:00.213	1
SA6750-DET-414C	48720.3664830106	2026-01-13 01:07:00.213	1
SA6750-DET-418A	76768.5752009352	2026-01-13 01:07:00.213	1
SA6750-DET-418B	96900.4167710881	2026-01-13 01:07:00.213	1
SA6750-DET-418C	85957.869345547	2026-01-13 01:07:00.213	1
SA6750-DNTS-414A	1466.99556106103	2026-01-13 01:07:00.213	1
SA6750-DNTS-414B	83431.5820554024	2026-01-13 01:07:00.213	1
SA6750-DNTS-414C	93962.0446941447	2026-01-13 01:07:00.213	1
SA6750-DNTS-418A	46212.125835184	2026-01-13 01:07:00.213	1
SA6750-DNTS-418B	56454.2527092211	2026-01-13 01:07:00.213	1
SA6750-DNTS-418C	17629.6469830006	2026-01-13 01:07:00.213	1
SA6750-EFR-414A	26955.424392282	2026-01-13 01:07:00.213	1
SA6750-EFR-414B	79931.0237179146	2026-01-13 01:07:00.213	1
SA6750-EFR-414C	89527.6556750344	2026-01-13 01:07:00.213	1
SA6750-EFR-418A	98551.226912451	2026-01-13 01:07:00.213	1
SA6750-EFR-418B	31425.1095021994	2026-01-13 01:07:00.213	1
SA6750-EFR-418C	55677.400241203	2026-01-13 01:07:00.213	1
SA6750-FRS-414A	96284.4816078774	2026-01-13 01:07:00.213	1
SA6750-FRS-414B	60499.6953073785	2026-01-13 01:07:00.213	1
SA6750-FRS-414C	99195.3940586505	2026-01-13 01:07:00.213	1
SA6750-FRS-418A	56851.339082992	2026-01-13 01:07:00.213	1
SA6750-FRS-418B	84238.5097682097	2026-01-13 01:07:00.213	1
SA6750-FRS-418C	11949.8346644317	2026-01-13 01:07:00.213	1
SA6750-HGD-301	54960.6149134976	2026-01-13 01:07:00.213	1
SA6750-HGS-301	49546.3706588784	2026-01-13 01:07:00.213	1
SA6750-IC4-301	5800.07185091675	2026-01-13 01:07:00.213	1
SA6750-IC5-301	73302.6620545784	2026-01-13 01:07:00.213	1
SA6750-N2-301	11989.3834812893	2026-01-13 01:07:00.213	1
SA6750-NC4-301	94611.6693050514	2026-01-13 01:07:00.213	1
SA6750-NC5-301	3154.95277466864	2026-01-13 01:07:00.213	1
SA6750-SG-301	48671.3564337784	2026-01-13 01:07:00.213	1
SA6750-TR-414A	15957.0841442293	2026-01-13 01:07:00.213	1
SA6750-TR-414B	56798.5527660615	2026-01-13 01:07:00.213	1
SA6750-TR-414C	46453.0105657521	2026-01-13 01:07:00.213	1
SA6750-TR-418A	84954.340820064	2026-01-13 01:07:00.213	1
SA6750-TR-418B	59512.214073006	2026-01-13 01:07:00.213	1
SA6750-TR-418C	70992.512454874	2026-01-13 01:07:00.213	1
SA6750-WCT-414A	69305.2867109105	2026-01-13 01:07:00.213	1
SA6750-WOB-301	34523.3599622905	2026-01-13 01:07:00.213	1
SA6800-C1-100	12388.703891678	2026-01-13 01:07:00.213	1
SA6800-C2-100	89526.8106509255	2026-01-13 01:07:00.213	1
SA6800-C3-100	65667.38278175	2026-01-13 01:07:00.213	1
SA6800-C6P-100	3487.72961093123	2026-01-13 01:07:00.213	1
SA6800-CO2-100	14404.1131228636	2026-01-13 01:07:00.213	1
SA6800-GHS-100	52254.5099134865	2026-01-13 01:07:00.213	1
SA6800-IC4-100	56595.925465172	2026-01-13 01:07:00.213	1
SA6800-IC5-100	9896.32987966798	2026-01-13 01:07:00.213	1
SA6800-N2-100	84006.8731453042	2026-01-13 01:07:00.213	1
SA6800-NC4-100	35774.9798833232	2026-01-13 01:07:00.213	1
SA6800-NC5-100	102.249933736978	2026-01-13 01:07:00.213	1
SA6800-SG-100	34673.2672528589	2026-01-13 01:07:00.213	1
SA6800-WI-100	37338.0659024099	2026-01-13 01:07:00.213	1
SA6810-DET0116A	54372.0990120343	2026-01-13 01:07:00.213	1
SA6810-DET0116B	18404.1204984585	2026-01-13 01:07:00.213	1
SA6810-DET0208A	30890.8890486936	2026-01-13 01:07:00.213	1
SA6810-DET0208B	57193.6876697226	2026-01-13 01:07:00.213	1
SA6810-EFR0116A	80739.7931577263	2026-01-13 01:07:00.213	1
SA6810-EFR0116B	85825.843355737	2026-01-13 01:07:00.213	1
SA6810-EFR0208A	1261.97380321205	2026-01-13 01:07:00.213	1
SA6810-EFR0208B	11731.3476385238	2026-01-13 01:07:00.213	1
SA6810-FRS0116A	86623.8618682871	2026-01-13 01:07:00.213	1
SA6810-FRS0116B	28059.6999660313	2026-01-13 01:07:00.213	1
SA6810-FRS0208A	32037.1523258542	2026-01-13 01:07:00.213	1
SA6810-FRS0208B	11652.6843686572	2026-01-13 01:07:00.213	1
SA6810DNTS0116A	48837.5970677437	2026-01-13 01:07:00.213	1
SA6810DNTS0116B	57076.7447618424	2026-01-13 01:07:00.213	1
SA6810DNTS0208A	96303.0622838095	2026-01-13 01:07:00.213	1
SA6810DNTS0208B	4008.75353341558	2026-01-13 01:07:00.213	1
SA690-C1-601	26313.0640467879	2026-01-13 01:07:00.213	1
SA690-C2-601	7805.74671300269	2026-01-13 01:07:00.213	1
SA690-C3-601	51937.5029465875	2026-01-13 01:07:00.213	1
SA690-C6-601	80950.6356865686	2026-01-13 01:07:00.213	1
SA690-CO2-601	67478.7645736292	2026-01-13 01:07:00.213	1
SA690-DET-712A	5967.36712526015	2026-01-13 01:07:00.213	1
SA690-DET-712B	44961.4646628865	2026-01-13 01:07:00.213	1
SA690-DET-712C	23710.312852599	2026-01-13 01:07:00.213	1
SA690-DET-712D	78104.1387181664	2026-01-13 01:07:00.213	1
SA690-DET-712E	45502.1311278913	2026-01-13 01:07:00.213	1
SA690-DNTS-712A	83534.0725825843	2026-01-13 01:07:00.213	1
SA690-DNTS-712B	60573.8827591942	2026-01-13 01:07:00.213	1
SA690-DNTS-712C	49408.0609361191	2026-01-13 01:07:00.213	1
SA690-DNTS-712D	58394.5888331017	2026-01-13 01:07:00.213	1
SA690-DNTS-712E	24278.5437987487	2026-01-13 01:07:00.213	1
SA690-EFR-712A	76897.8429624083	2026-01-13 01:07:00.213	1
SA690-EFR-712B	43440.0860142528	2026-01-13 01:07:00.213	1
SA690-EFR-712C	91574.5535162852	2026-01-13 01:07:00.213	1
SA690-EFR-712D	96122.8101658355	2026-01-13 01:07:00.213	1
SA690-EFR-712E	60281.9286324732	2026-01-13 01:07:00.213	1
SA690-FRS-712A	9155.02494624337	2026-01-13 01:07:00.213	1
SA690-FRS-712B	80775.9385095254	2026-01-13 01:07:00.213	1
SA690-FRS-712C	90692.7267195281	2026-01-13 01:07:00.213	1
SA690-FRS-712D	71570.8321850359	2026-01-13 01:07:00.213	1
SA690-FRS-712E	12293.1367936319	2026-01-13 01:07:00.213	1
SA690-HGD-601	754.656917970842	2026-01-13 01:07:00.213	1
SA690-HGS-601	98962.900334238	2026-01-13 01:07:00.213	1
SA690-IC4-601	50151.0501516724	2026-01-13 01:07:00.213	1
SA690-IC5-601	65487.9663305681	2026-01-13 01:07:00.213	1
SA690-N2-601	624.749254394973	2026-01-13 01:07:00.213	1
SA690-NC4-601	2598.6235352753	2026-01-13 01:07:00.213	1
SA690-NC5-601	58377.5644128786	2026-01-13 01:07:00.213	1
SA690-SG-601	70758.3563615526	2026-01-13 01:07:00.213	1
SA690-TR-712A	27386.9330845084	2026-01-13 01:07:00.213	1
SA690-TR-712B	84809.061881627	2026-01-13 01:07:00.213	1
SA690-TR-712C	69689.3836971598	2026-01-13 01:07:00.213	1
SA690-TR-712D	44041.6824444707	2026-01-13 01:07:00.213	1
SA690-TR-712E	63893.7354893939	2026-01-13 01:07:00.213	1
SA690-WC-712A	55823.1925023321	2026-01-13 01:07:00.213	1
SA690-WI-601	52681.6030536312	2026-01-13 01:07:00.213	1
SA690-WOB-601	62109.4723850527	2026-01-13 01:07:00.213	1
SA692-FR-001A	96571.1245842572	2026-01-13 01:07:00.213	1
SAAMC-FR-001A	32385.8735512316	2026-01-13 01:07:00.213	1
SAAMC-FR-001B	31435.8903981193	2026-01-13 01:07:00.213	1
SAAMC-FR-001C	84040.0124594434	2026-01-13 01:07:00.213	1
SAATB-FR-001A	21095.8563294553	2026-01-13 01:07:00.213	1
SAATB-FR-001B	41780.8365198898	2026-01-13 01:07:00.213	1
SABKD-FR-001A	97992.4362313885	2026-01-13 01:07:00.213	1
SABKD-FR-001B	28530.1573608856	2026-01-13 01:07:00.213	1
SABPL-CEFR-001A	14515.6577726938	2026-01-13 01:07:00.213	1
SABPL-CEFR-001B	71312.3596529541	2026-01-13 01:07:00.213	1
SABPL-DET-001A	14880.6325760295	2026-01-13 01:07:00.213	1
SABPL-DET-001B	52910.049530375	2026-01-13 01:07:00.213	1
SABPL-FQR-001A	45394.5262548774	2026-01-13 01:07:00.213	1
SABPL-FQR-001B	26636.3614525739	2026-01-13 01:07:00.213	1
SABPL-FR-001A	58887.2141063899	2026-01-13 01:07:00.213	1
SABPL-FR-001B	77823.5294021917	2026-01-13 01:07:00.213	1
SABPL-PR-002	57417.7590248902	2026-01-13 01:07:00.213	1
SABV10-CEF-001A	2430.51113940412	2026-01-13 01:07:00.213	1
SABV10-CEF-001B	60792.5698807735	2026-01-13 01:07:00.213	1
SABV10-CEF-001C	37179.9828915301	2026-01-13 01:07:00.213	1
SABV10-DET-001A	68138.4586998894	2026-01-13 01:07:00.213	1
SABV10-DET-001B	7079.05214359953	2026-01-13 01:07:00.213	1
SABV10-DET-001C	76774.0307847662	2026-01-13 01:07:00.213	1
SABV10-FQR-001A	8383.60928419605	2026-01-13 01:07:00.213	1
SABV10-FQR-001B	97931.9807993657	2026-01-13 01:07:00.213	1
SABV10-FQR-001C	4295.83663894023	2026-01-13 01:07:00.213	1
SABV10-FR-001A	51175.4225873647	2026-01-13 01:07:00.213	1
SABV10-FR-001B	13944.2790768245	2026-01-13 01:07:00.213	1
SABV10-FR-001C	25889.9349015296	2026-01-13 01:07:00.213	1
SABV10-PR-001	66076.2221148691	2026-01-13 01:07:00.213	1
SABV10-PR-002	66934.6966358103	2026-01-13 01:07:00.213	1
SABV10-WB-001	99099.5850567453	2026-01-13 01:07:00.213	1
SALKB-CEFR-001A	5030.02826456646	2026-01-13 01:07:00.213	1
SALKB-CEFR-001B	89200.2239552948	2026-01-13 01:07:00.213	1
SALKB-DET-001A	46589.9327660726	2026-01-13 01:07:00.213	1
SALKB-DET-001B	73200.7701334163	2026-01-13 01:07:00.213	1
SALKB-FQR-001A	72306.8716603467	2026-01-13 01:07:00.213	1
SALKB-FQR-001B	40000.3602678722	2026-01-13 01:07:00.213	1
SALKB-FR-001A	33496.1534190037	2026-01-13 01:07:00.213	1
SALKB-FR-001B	98626.7709118888	2026-01-13 01:07:00.213	1
SALKB-HV-001	958.140775596957	2026-01-13 01:07:00.213	1
SALKB-PR-002	3949.69692874773	2026-01-13 01:07:00.213	1
SALKB-WB-001	18022.8830089881	2026-01-13 01:07:00.213	1
SANVK-CEF-001A	68985.1114126863	2026-01-13 01:07:00.213	1
SANVK-CEFR-001B	25041.9892537514	2026-01-13 01:07:00.213	1
SANVK-CEFR-001C	76834.7506287352	2026-01-13 01:07:00.213	1
SANVK-DET-001A	36414.3549379621	2026-01-13 01:07:00.213	1
SANVK-DET-001B	90332.8600906391	2026-01-13 01:07:00.213	1
SANVK-DET-001C	93956.9558131881	2026-01-13 01:07:00.213	1
SANVK-FQR-001A	72672.3603624795	2026-01-13 01:07:00.213	1
SANVK-FQR-001B	78410.5267559007	2026-01-13 01:07:00.213	1
SANVK-FQR-001C	91175.1685111177	2026-01-13 01:07:00.213	1
SANVK-FR-001A	54139.7104064065	2026-01-13 01:07:00.213	1
SANVK-FR-001B	85139.7148012695	2026-01-13 01:07:00.213	1
SANVK-FR-001C	30544.0351098465	2026-01-13 01:07:00.213	1
SANVK-HV-001	966.096760743385	2026-01-13 01:07:00.213	1
SANVK-PR-002	57256.4706382617	2026-01-13 01:07:00.213	1
SANVK-WB-001	76319.6308970163	2026-01-13 01:07:00.213	1
SANVK-XR-001A	6173.30849488836	2026-01-13 01:07:00.213	1
SANVK-XR-001B	27325.2154111289	2026-01-13 01:07:00.213	1
SANVK-XR-001C	15117.3733827895	2026-01-13 01:07:00.213	1
SARGS-FR-001A	94499.838482616	2026-01-13 01:07:00.213	1
SARGS-FR-001B	16186.864528083	2026-01-13 01:07:00.213	1
SARGS-PR-002	34282.3338475201	2026-01-13 01:07:00.213	1
SARJN-FR-001A	73905.8740134755	2026-01-13 01:07:00.213	1
SARJN-FR-001B	85429.3624250846	2026-01-13 01:07:00.213	1
SARJN2-CEFR-001A	9323.8804261418	2026-01-13 01:07:00.213	1
SARJN2-CEFR-001B	7479.52721772728	2026-01-13 01:07:00.213	1
SARJN2-DET-001A	30402.064889718	2026-01-13 01:07:00.213	1
SARJN2-DET-001B	17406.2526515339	2026-01-13 01:07:00.213	1
SARJN2-FQR-001A	27653.644629687	2026-01-13 01:07:00.213	1
SARJN2-FQR-001B	63291.9532365948	2026-01-13 01:07:00.213	1
SARJN2-FR-001A	10912.4574868807	2026-01-13 01:07:00.213	1
SARJN2-FR-001B	98119.8600442589	2026-01-13 01:07:00.213	1
SARJN2-PR-004	96214.2950431277	2026-01-13 01:07:00.213	1
SASP71-SEND-GSM	28799.1132028421	2026-01-13 01:07:00.213	1
SASP79-FR-7901A	56424.5645039278	2026-01-13 01:07:00.213	1
West_Customer	34887.9169422837	2026-01-13 01:07:00.213	1